Date,Open,High,Third Day P Close
6/24/13,15.64,15.84,15.8
6/25/13,15.55,15.74,15.3
6/26/13,15.69,15.69,15.62
6/27/13,15.34,15.87,15.53
6/28/13,15.5,15.77,15.72
7/1/13,14.79,15.59,15.4
7/2/13,14.69,15.12,15.5
7/3/13,14.95,15.09,15.25
7/5/13,14.95,15.95,14.79
7/8/13,15.63,16.040001,15
7/9/13,15.79,15.97,14.87
7/10/13,15.5,15.57,15.66
7/11/13,15.6,15.6,15.96
7/12/13,15.07,15.12,15.71
7/15/13,14.93,15.03,15.39
7/16/13,14.57,15.34,15.13
7/17/13,15.36,15.96,14.93
7/18/13,15.94,16.1,14.67
7/19/13,15.35,16.08,15.28
7/22/13,16.09,16.129999,15.89
7/23/13,15.69,15.87,15.47
7/24/13,15.65,15.89,15.97
7/25/13,15.66,15.87,15.73
7/26/13,15.54,15.97,15.65
7/29/13,15.87,15.87,15.71
7/30/13,15.6,15.96,15.57
7/31/13,16,16.209999,15.89
8/1/13,15.94,16.280001,15.51
8/2/13,16.15,16.469999,15.95
8/5/13,16.33,16.33,15.93
8/6/13,15.99,16.25,16.209999
8/7/13,16.15,16.15,16.34
8/8/13,16.07,16.309999,16
8/9/13,16.09,16.16,16.18
8/12/13,15.88,16.059999,15.95
8/13/13,15.91,15.95,16.129999
8/14/13,15.83,16.01,15.98
8/15/13,15.79,16.190001,15.92
8/16/13,16.040001,16.25,15.83
8/19/13,16.049999,16.059999,15.9
8/20/13,15.83,15.83,16.1
8/21/13,15.61,15.78,15.98
8/22/13,15.76,15.82,15.7
8/23/13,15.71,15.79,15.7
8/26/13,15.79,15.9,15.76
8/27/13,15.75,16,15.71
8/28/13,15.76,15.81,15.75
8/29/13,15.73,15.89,15.86
8/30/13,15.75,15.78,15.73
9/3/13,15.89,16.030001,15.76
9/4/13,15.79,16.08,15.77
9/5/13,15.97,16.27,15.7
9/6/13,16.309999,16.34,15.78
9/9/13,16.16,16.34,16.030001
9/10/13,16.379999,16.57,16.24
9/11/13,16.65,17.059999,16.190001
9/12/13,17.120001,17.26,16.34
9/13/13,17.059999,17.08,16.549999
9/16/13,17.120001,17.200001,17.049999
9/17/13,17.030001,17.17,17.110001
9/18/13,16.99,17.18,16.889999
9/19/13,17.1,17.1,16.959999
9/20/13,16.92,17,17
9/23/13,16.620001,16.639999,17.049999
9/24/13,16.530001,17.200001,16.870001
9/25/13,17.030001,17.040001,16.639999
9/26/13,16.77,16.870001,16.530001
9/27/13,16.1,16.25,17.040001
9/30/13,16.200001,16.26,16.799999
10/1/13,16.049999,16.139999,16.290001
10/2/13,15.85,16.27,16.17
10/3/13,16.139999,16.25,16.059999
10/4/13,15.84,16.01,15.91
10/7/13,15.7,15.98,16.139999
10/8/13,15.51,15.98,15.87
10/9/13,15.8,15.95,15.84
10/10/13,15.98,16.25,15.91
10/11/13,16.16,16.6,15.8
10/14/13,16.309999,16.620001,15.88
10/15/13,16.459999,16.67,16.219999
10/16/13,16.719999,16.790001,16.41
10/17/13,16.639999,16.809999,16.559999
10/18/13,16.85,16.9,16.58
10/21/13,16.860001,16.98,16.780001
10/22/13,16.889999,17.059999,16.799999
10/23/13,16.799999,17.24,16.85
10/24/13,17.07,17.4,16.85
10/25/13,17.549999,17.549999,17
10/28/13,17.120001,17.32,17.110001
10/29/13,17.299999,17.51,17.290001
10/30/13,17.459999,17.51,17.15
10/31/13,17.370001,17.77,17.290001
11/1/13,17.620001,17.809999,17.459999
11/4/13,17.73,17.860001,17.35
11/5/13,17.57,17.85,17.6
11/6/13,17.73,17.82,17.77
11/7/13,17.51,17.620001,17.76
11/8/13,17.309999,17.620001,17.68
11/11/13,17.6,17.65,17.41
11/12/13,16.85,17.309999,17.26
11/13/13,17.02,17.290001,17.6
11/14/13,17.24,17.379999,17.42
11/15/13,17.32,17.809999,17.15
11/18/13,17.77,17.82,17.219999
11/19/13,17.43,17.66,17.25
11/20/13,17.540001,17.790001,17.76
11/21/13,17.709999,17.75,17.42
11/22/13,17.610001,17.690001,17.48
11/25/13,17.629999,17.68,17.67
11/26/13,17.43,17.709999,17.559999
11/27/13,17.66,17.940001,17.549999
11/29/13,17.85,17.969999,17.48
12/2/13,17.92,17.969999,17.690001
12/3/13,17.629999,17.629999,17.860001
12/4/13,17.440001,17.620001,17.959999
12/5/13,16.540001,17.549999,17.65
12/6/13,17.66,17.860001,17.5
12/9/13,17.889999,17.9,17.58
12/10/13,17.49,17.719999,17.459999
12/11/13,17.65,17.74,17.780001
12/12/13,17.639999,17.66,17.52
12/13/13,17.49,17.700001,17.639999
12/16/13,17.77,17.799999,17.6
12/17/13,17.57,17.57,17.49
12/18/13,17.299999,17.530001,17.66
12/19/13,17.41,17.469999,17.77
12/20/13,17.43,17.969999,17.35
12/23/13,17.93,17.969999,17.5
12/24/13,17.959999,18.01,17.360001
12/26/13,17.99,18.07,17.75
12/27/13,17.74,17.82,17.9
12/30/13,17.780001,17.93,17.9
12/31/13,17.98,18.09,17.77
1/2/14,18.049999,18.17,17.73
1/3/14,17.93,18.01,17.91
1/6/14,17.879999,17.959999,18.02
1/7/14,17.65,17.65,17.950001
1/8/14,17.35,17.4,17.82
1/9/14,17.379999,17.48,17.58
1/10/14,17.41,17.52,17.4
1/13/14,17.41,17.440001,17.290001
1/14/14,17.200001,17.35,17.34
1/15/14,17.24,17.33,17.4
1/16/14,17.200001,17.26,17.15
1/17/14,17.09,17.18,17.299999
1/21/14,17.15,17.15,17.209999
1/22/14,16.75,16.99,17.08
1/23/14,16.5,16.58,17.08
1/24/14,16.27,16.33,16.76
1/27/14,16.25,16.559999,16.65
1/28/14,16.379999,16.459999,16.530001
1/29/14,16.09,16.280001,16.17
1/30/14,16.280001,16.299999,16.389999
1/31/14,16.139999,16.24,16.24
2/3/14,16,16.059999,16.219999
2/4/14,15.55,15.72,16.200001
2/5/14,15.56,15.9,15.96
2/6/14,15.64,16.110001,15.52
2/7/14,17.48,18,15.52
2/10/14,17.030001,17.59,15.61
2/11/14,17.530001,18,16.02
2/12/14,17.93,18.049999,17.41
2/13/14,17.549999,17.82,17.51
2/14/14,17.620001,17.84,17.93
2/18/14,17.719999,17.82,17.65
2/19/14,17.700001,17.860001,17.66
2/20/14,17.6,17.639999,17.68
2/21/14,17.450001,17.76,17.75
2/24/14,17.75,18.049999,17.59
2/25/14,17.93,18.110001,17.5
2/26/14,17.950001,18.139999,17.68
2/27/14,17.950001,18.059999,17.940001
2/28/14,18.059999,18.4,17.959999
3/3/14,18.190001,18.34,18.030001
3/4/14,18.200001,18.41,18.02
3/5/14,18.43,18.530001,18.33
3/6/14,18.32,18.43,18.120001
3/7/14,18.299999,18.360001,18.4
3/10/14,17.959999,18,18.299999
3/11/14,17.76,17.809999,18.280001
3/12/14,17.700001,17.889999,17.91
3/13/14,17.82,17.91,17.76
3/14/14,17.370001,17.639999,17.709999
3/17/14,17.549999,17.809999,17.83
3/18/14,17.42,17.74,17.34
3/19/14,17.67,17.799999,17.43
3/20/14,17.450001,17.57,17.389999
3/21/14,17.73,17.73,17.709999
3/24/14,17.6,17.67,17.549999
3/25/14,17.57,17.59,17.51
3/26/14,17.370001,17.42,17.58
3/27/14,17.09,17.23,17.469999
3/28/14,17.01,17.280001,17.360001
3/31/14,17.15,17.25,17.030001
4/1/14,17.34,17.5,17.02
4/2/14,17.4,17.52,17.030001
4/3/14,17.469999,17.52,17.219999
4/4/14,17.23,17.540001,17.440001
4/7/14,17.110001,17.379999,17.440001
4/8/14,17.18,17.209999,17.110001
4/9/14,17.059999,17.219999,17.120001
4/10/14,17.23,17.32,17.08
4/11/14,16.780001,17.16,17.049999
4/14/14,16.66,16.809999,17.200001
4/15/14,16.780001,16.950001,16.83
4/16/14,16.719999,16.9,16.540001
4/17/14,16.719999,17.02,16.77
4/21/14,16.870001,17.040001,16.629999
4/22/14,16.940001,17.049999,16.790001
4/23/14,17.030001,17.24,16.879999
4/24/14,17.290001,17.440001,16.950001
4/25/14,17.26,17.26,17.01
4/28/14,17.17,17.219999,17.23
4/29/14,17.25,17.42,17.280001
4/30/14,17.200001,17.200001,17.129999
5/1/14,17.209999,17.389999,17.129999
5/2/14,17.23,17.440001,17.209999
5/5/14,17.26,17.43,17.02
5/6/14,17.32,17.34,17.299999
5/7/14,17.139999,17.200001,17.309999
5/8/14,17.09,17.17,17.4
5/9/14,17.51,18.02,17.139999
5/12/14,18.049999,18.18,17.08
5/13/14,17.84,17.940001,17.110001
5/14/14,17.74,17.790001,18
5/15/14,17.18,17.23,17.85
5/16/14,16.889999,17.1,17.719999
5/19/14,16.98,17.16,17.190001
5/20/14,16.98,17,16.870001
5/21/14,16.790001,17.040001,17.049999
5/22/14,16.98,17.219999,17.030001
5/23/14,17.16,17.219999,16.75
5/27/14,17.129999,17.290001,16.91
5/28/14,17.190001,17.24,17.17
5/29/14,17.09,17.17,17.09
5/30/14,17.09,17.18,17.219999
6/2/14,17.1,17.33,17.110001
6/3/14,17.129999,17.48,17.120001
6/4/14,17.299999,17.6,17.059999
6/5/14,17.540001,17.74,17.26
6/6/14,17.719999,17.92,17.370001
6/9/14,17.639999,17.940001,17.469999
6/10/14,17.66,17.75,17.719999
6/11/14,17.629999,17.68,17.690001
6/12/14,17.559999,17.559999,17.66
6/13/14,17.379999,17.6,17.610001
6/16/14,17.139999,17.23,17.629999
6/17/14,17.059999,17.280001,17.299999
6/18/14,17.25,17.58,17.23
6/19/14,17.52,17.68,17.120001
6/20/14,17.76,17.809999,17.25
6/23/14,17.690001,17.709999,17.58
6/24/14,17.379999,17.639999,17.67
6/25/14,17.41,17.780001,17.629999
6/26/14,17.799999,18.030001,17.370001
6/27/14,17.9,18.08,17.49
6/30/14,17.969999,18.120001,17.709999
7/1/14,18.02,18.18,18.02
7/2/14,18.030001,18.299999,17.98
7/3/14,18.27,18.34,17.940001
7/7/14,18.24,18.25,18.1
7/8/14,18.17,18.299999,18.26
7/9/14,18.24,18.370001,18.280001
7/10/14,18.1,18.129999,18.120001
7/11/14,18,18.18,18.139999
7/14/14,18.190001,18.24,18.219999
7/15/14,18.18,18.389999,17.99
7/16/14,18.26,18.41,18.09
7/17/14,18.200001,18.24,18.18
7/18/14,18.120001,18.280001,18.27
7/21/14,18.08,18.299999,18.23
7/22/14,18.23,18.27,18.049999
7/23/14,18.040001,18.129999,18.219999
7/24/14,18.190001,18.309999,18.129999
7/25/14,18.25,18.290001,18.1
7/28/14,18.1,18.110001,18.110001
7/29/14,18.110001,18.200001,18.290001
7/30/14,17.9,18.030001,18.139999
7/31/14,17.77,17.93,18.059999
8/1/14,17.629999,17.85,17.870001
8/4/14,17.799999,17.879999,17.85
8/5/14,17.459999,17.809999,17.65
8/6/14,17.6,17.709999,17.77
8/7/14,17.719999,17.719999,17.84
8/8/14,16.459999,17.27,17.65
8/11/14,17.17,17.459999,17.629999
8/12/14,17.360001,17.5,17.42
8/13/14,16.5,17.33,17.15
8/14/14,17.17,17.32,17.34
8/15/14,17.360001,17.379999,17.25
8/18/14,17.27,17.41,17.110001
8/19/14,17.16,17.24,17.309999
8/20/14,17.139999,17.5,17.25
8/21/14,17.469999,17.6,17.200001
8/22/14,17.6,17.6,17.15
8/25/14,17.549999,17.66,17.450001
8/26/14,17.709999,17.709999,17.58
8/27/14,17.610001,17.68,17.49
8/28/14,17.65,17.75,17.66
8/29/14,17.68,17.719999,17.620001
9/2/14,17.65,17.74,17.68
9/3/14,17.52,17.639999,17.67
9/4/14,17.67,17.799999,17.629999
9/5/14,17.540001,17.75,17.43
9/8/14,17.700001,17.74,17.6
9/9/14,17.610001,17.620001,17.6
9/10/14,17.27,17.51,17.75
9/11/14,17.41,17.469999,17.620001
9/12/14,17.27,17.27,17.290001
9/15/14,17.15,17.290001,17.469999
9/16/14,17.02,17.18,17.280001
9/17/14,17.030001,17.139999,17.120001
9/18/14,17.07,17.16,17.049999
9/19/14,17.120001,17.25,17.040001
9/22/14,17.139999,17.219999,17.040001
9/23/14,16.98,17.09,17.030001
9/24/14,16.889999,16.99,17.219999
9/25/14,16.780001,16.879999,17.049999
9/26/14,16.709999,17,16.92
9/29/14,16.879999,16.959999,16.91
9/30/14,16.719999,16.77,16.709999
10/1/14,16.27,16.34,16.98
10/2/14,16,16.07,16.799999
10/3/14,15.88,15.99,16.35
10/6/14,15.96,16.049999,15.98
10/7/14,15.84,15.92,15.81
10/8/14,15.5,15.98,15.91
10/9/14,15.97,15.97,15.93
10/10/14,15.5,15.62,15.47
10/13/14,15.03,15.1,15.98
10/14/14,14.77,15.05,15.48
10/15/14,14.51,14.96,15.11
10/16/14,14.42,14.83,14.64
10/17/14,14.77,14.94,14.79
10/20/14,14.83,14.91,14.7
10/21/14,15,15.47,14.6
10/22/14,15.39,15.66,14.71
10/23/14,15.54,15.63,14.9
10/24/14,15.5,15.76,15.41
10/27/14,15.71,15.71,15.26
10/28/14,15.47,15.57,15.51
10/29/14,15.48,15.65,15.73
10/30/14,15.44,15.61,15.46
10/31/14,15.74,15.8,15.53
11/3/14,15.77,15.78,15.53
11/4/14,15.49,15.65,15.49
11/5/14,15.28,15.45,15.48
11/6/14,15.84,15.91,15.56
11/7/14,15.27,15.41,15.15
11/10/14,15.13,15.3,15.3
11/11/14,15.26,15.38,15.33
11/12/14,15.18,15.43,15.15
11/13/14,15.33,15.33,15.24
11/14/14,14.95,15.2,15.24
11/17/14,15.19,15.24,15.27
11/18/14,14.98,15.12,14.99
11/19/14,15.04,15.22,15.2
11/20/14,14.69,15.21,15.04
11/21/14,15.32,15.36,15.01
11/24/14,15.33,15.53,15.19
11/25/14,15.56,15.58,15.14
11/26/14,15.45,15.69,15.17
11/28/14,15.7,15.7,15.46
12/1/14,15.67,15.69,15.45
12/2/14,15.6,15.78,15.68
12/3/14,15.72,15.81,15.52
12/4/14,15.72,15.83,15.56
12/5/14,15.71,15.84,15.74
12/8/14,15.81,15.82,15.79
12/9/14,15.37,15.7,15.71
12/10/14,15.61,15.65,15.82
12/11/14,15.6,15.6,15.5
12/12/14,15.19,15.29,15.69
12/15/14,15.09,15.18,15.34
12/16/14,14.78,15.11,15.33
12/17/14,14.63,14.93,15.05
12/18/14,15.13,15.34,14.76
12/19/14,15.06,15.28,14.63
12/22/14,15.27,15.49,14.89
12/23/14,15.41,15.67,15.02
12/24/14,15.68,15.68,15.22
12/26/14,15.55,15.61,15.38
12/29/14,15.59,15.78,15.61
12/30/14,15.6,15.86,15.48
12/31/14,15.78,15.93,15.57
1/2/15,15.82,15.91,15.74
1/5/15,15.45,15.55,15.77
1/6/15,15.1,15.2,15.69
1/7/15,15.04,15.04,15.59
1/8/15,15.05,15.39,15.12
1/9/15,15.29,15.43,14.91
1/12/15,15.39,15.43,14.87
1/13/15,15.35,15.41,15.34
1/14/15,15.15,15.21,15.41
1/15/15,15.2,15.35,15.28
1/16/15,14.99,15.12,15.23
1/20/15,15.12,15.13,15.1
1/21/15,14.91,15,15.01
1/22/15,15.01,15.25,15.06
1/23/15,15.19,15.33,14.93
1/26/15,15.16,15.54,14.95
1/27/15,15.66,15.67,15.2
1/28/15,15.49,15.51,15.18
1/29/15,15.13,15.23,15.54
1/30/15,14.83,15.11,15.45
2/2/15,14.94,15.11,15.14
2/3/15,15.05,15.69,14.93
2/4/15,15.64,15.68,14.89
2/5/15,15.58,15.75,14.94
2/6/15,16.1,16.35,15.61
2/9/15,16.23,16.780001,15.59
2/10/15,16.76,16.83,15.73
2/11/15,16.77,16.870001,16.26
2/12/15,16.48,16.99,16.719999
2/13/15,16.92,17.049999,16.77
2/17/15,16.889999,17.110001,16.76
2/18/15,17.030001,17.08,16.84
2/19/15,16.969999,17.049999,16.889999
2/20/15,17,17.200001,17.110001
2/23/15,17.120001,17.33,16.959999
2/24/15,17.18,17.43,17.040001
2/25/15,17.24,17.549999,17.139999
2/26/15,17.469999,17.52,17.32
2/27/15,17.32,17.42,17.290001
3/2/15,17.33,17.52,17.440001
3/3/15,17.389999,17.43,17.33
3/4/15,17.16,17.219999,17.27
3/5/15,17.219999,17.219999,17.440001
3/6/15,17,17.219999,17.209999
3/9/15,16.93,16.98,17.09
3/10/15,16.559999,16.67,17.1
3/11/15,16.219999,16.469999,16.83
3/12/15,16.52,16.82,16.68
3/13/15,16.67,16.77,16.23
3/16/15,16.809999,16.92,16.4
3/17/15,16.780001,16.860001,16.75
3/18/15,16.59,16.959999,16.700001
3/19/15,16.82,16.83,16.92
3/20/15,16.76,16.98,16.75
3/23/15,16.82,16.99,16.889999
3/24/15,16.84,16.889999,16.690001
3/25/15,16.879999,16.879999,16.84
3/26/15,16.32,16.32,16.879999
3/27/15,16.110001,16.25,16.77
3/30/15,16.219999,16.450001,16.42
3/31/15,16.16,16.23,16.18
4/1/15,16.030001,16.129999,16.15
4/2/15,16.09,16.23,16.219999
4/6/15,16.040001,16.389999,16.01
4/7/15,16.18,16.34,16.110001
4/8/15,16.16,16.27,16.18
4/9/15,16.030001,16.110001,16.25
4/10/15,15.94,16.02,16.120001
4/13/15,15.93,16.1,16.059999
4/14/15,16.040001,16.190001,15.94
4/15/15,15.97,16.08,15.92
4/16/15,15.87,16.139999,16.07
4/17/15,15.71,15.79,15.98
4/20/15,15.67,15.74,15.95
4/21/15,15.66,15.74,15.89
4/22/15,15.54,15.64,15.59
4/23/15,15.51,15.64,15.65
4/24/15,15.53,15.66,15.52
4/27/15,15.59,15.86,15.56
4/28/15,15.59,16,15.56
4/29/15,15.9,15.99,15.53
4/30/15,15.72,15.88,15.57
5/1/15,15.9,16.08,15.97
5/4/15,16.049999,16.190001,15.79
5/5/15,16.129999,16.27,15.78
5/6/15,15.05,15.33,16.049999
5/7/15,15.01,15.02,16.17
5/8/15,15.09,15.22,16.02
5/11/15,15.12,15.92,14.99
5/12/15,15.6,15.6,14.97
5/13/15,15.32,15.5,15.14
5/14/15,15.38,15.44,15.71
5/15/15,15.35,15.59,15.35
5/18/15,15.56,15.69,15.26
5/19/15,15.67,15.7,15.39
5/20/15,15.67,15.74,15.55
5/21/15,15.58,15.69,15.68
5/22/15,15.63,15.66,15.68
5/26/15,15.55,15.64,15.63
5/27/15,15.4,15.57,15.63
5/28/15,15.37,15.41,15.54
5/29/15,15.31,15.4,15.34
6/1/15,15.2,15.47,15.44
6/2/15,15.16,15.27,15.35
6/3/15,15.22,15.3,15.15
6/4/15,15.17,15.23,15.23
6/5/15,15.01,15.06,15.16
6/8/15,14.93,14.98,15.22
6/9/15,14.81,14.85,15
6/10/15,14.58,14.77,15
6/11/15,14.66,14.7,14.84
6/12/15,14.51,14.58,14.56
6/15/15,14.33,14.38,14.65
6/16/15,14.2,14.28,14.58
6/17/15,14.26,14.34,14.41
6/18/15,14.41,14.62,14.2
6/19/15,14.47,14.99,14.2
6/22/15,15.01,15.15,14.22
6/23/15,15.09,15.16,14.54
6/24/15,14.98,15.12,14.97
6/25/15,14.82,14.91,15.05
6/26/15,14.81,15.2,14.99
6/29/15,15.04,15.11,14.83
6/30/15,14.53,14.63,14.75
7/1/15,14.73,14.81,15.2
7/2/15,14.69,14.99,14.45
7/6/15,14.45,14.53,14.59
7/7/15,14.34,14.4,14.64
7/8/15,14.25,14.33,14.6
7/9/15,14.31,14.41,14.3
7/10/15,14.29,14.38,14.35
7/13/15,14.32,14.51,14.16
7/14/15,14.39,14.47,14.18
7/15/15,14.41,14.54,14.25
7/16/15,14.56,14.71,14.43
7/17/15,14.63,14.84,14.43
7/20/15,14.81,14.92,14.43
7/21/15,14.87,14.91,14.66
7/22/15,14.55,14.73,14.81
7/23/15,14.59,14.76,14.9
7/24/15,14.71,14.89,14.58
7/27/15,15.07,15.08,14.61
7/28/15,14.86,14.86,14.72
7/29/15,14.72,14.88,14.86
7/30/15,14.82,14.82,14.83
7/31/15,14.88,14.94,14.79
8/3/15,14.76,14.77,14.83
8/4/15,14.56,14.77,14.8
8/5/15,14.67,14.67,14.73
8/6/15,14.56,14.6,14.54
8/7/15,14.06,14.14,14.56
8/10/15,14.2,14.38,14.6
8/11/15,14.28,14.29,14.02
8/12/15,13.68,14.26,14.11
8/13/15,15.23,15.92,14.35
8/14/15,15.25,15.35,13.96
8/17/15,15.1,15.3,14.12
8/18/15,15.24,15.28,15.19
8/19/15,15.08,15.3,15.18
8/20/15,14.87,14.87,15.25
8/21/15,14.22,14.35,15.13
8/24/15,13.1,13.58,15.03
8/25/15,13.31,13.65,14.26
8/26/15,13.26,13.47,13.91
8/27/15,13.41,13.67,13.04
8/28/15,13.57,13.89,12.94
8/31/15,13.75,13.8,13.22
9/1/15,13.31,13.36,13.62
9/2/15,13.28,13.58,13.8
9/3/15,12.92,13.49,13.63
9/4/15,13.08,13.16,13.07
9/8/15,13.09,13.36,13.13
9/9/15,13.51,13.66,13.32
9/10/15,13.14,13.31,12.82
9/11/15,12.93,13.06,13.35
9/14/15,12.99,12.99,13.22
9/15/15,12.88,12.97,13.01
9/16/15,12.79,13.06,13.05
9/17/15,12.8,13.48,12.81
9/18/15,13.03,13.18,12.94
9/21/15,12.96,13.23,13.04
9/22/15,12.75,12.95,13.21
9/23/15,12.83,12.88,12.92
9/24/15,12.68,12.89,12.93
9/25/15,12.92,12.92,12.79
9/28/15,12.67,12.94,12.75
9/29/15,12.28,12.46,12.83
9/30/15,12.32,12.65,12.75
10/1/15,12.77,12.95,12.29
10/2/15,12.52,13.05,12.26
10/5/15,13.34,13.46,12.62
10/6/15,13.42,13.61,12.73
10/7/15,13.62,13.8,13.04
10/8/15,13.61,14.06,13.41
10/9/15,14,14.12,13.5
10/12/15,13.98,14.04,13.63
10/13/15,13.85,14.03,14.05
10/14/15,13.94,14.08,13.96
10/15/15,14.08,14.32,13.91
10/16/15,14.36,14.61,13.91
10/19/15,14.55,14.66,13.98
10/20/15,14.58,14.67,14.29
10/21/15,14.65,14.65,14.59
10/22/15,14.38,14.71,14.58
10/23/15,14.73,15.02,14.57
10/26/15,15.01,15.04,14.24
10/27/15,14.64,14.7,14.69
10/28/15,14.73,15.01,15
10/29/15,14.89,15.18,14.71
10/30/15,15.1,15.44,14.69
11/2/15,15.36,15.68,15
11/3/15,15.64,15.64,15.12
11/4/15,15.5,15.53,15.4
11/5/15,15.43,15.53,15.63
11/6/15,15.59,15.59,15.41
11/9/15,14.57,14.76,15.44
11/10/15,14.35,14.53,15.35
11/11/15,14.42,14.52,14.88
11/12/15,14.26,14.37,14.42
11/13/15,14.12,14.33,14.44
11/16/15,13.79,14.15,14.38
11/17/15,14.14,14.31,14.11
11/18/15,14.16,14.29,13.78
11/19/15,14.29,14.31,14.14
11/20/15,14.26,14.42,14.14
11/23/15,14.03,14.49,14.27
11/24/15,14.26,14.45,14.19
11/25/15,14.44,14.49,14.26
11/27/15,14.44,14.44,14.32
11/30/15,14.3,14.43,14.43
12/1/15,14.47,14.66,14.43
12/2/15,14.59,14.62,14.25
12/3/15,14.41,14.51,14.35
12/4/15,13.79,14.09,14.63
12/7/15,14,14.05,14.41
12/8/15,14.01,14.01,13.78
12/9/15,13.46,13.79,14.06
12/10/15,13.48,13.88,13.87
12/11/15,13.55,13.61,13.5
12/14/15,13.36,13.41,13.5
12/15/15,13.39,13.62,13.75
12/16/15,13.59,13.77,13.32
12/17/15,13.68,13.73,13.26
12/18/15,13.27,13.39,13.46
12/21/15,13.27,13.38,13.67
12/22/15,13.44,13.49,13.36
12/23/15,13.43,13.73,13.18
12/24/15,13.46,13.84,13.36
12/28/15,13.51,13.63,13.31
12/29/15,13.63,13.81,13.7
12/30/15,13.67,13.75,13.62
12/31/15,13.5,13.55,13.52
1/4/16,13.12,13.21,13.72
1/5/16,13.26,13.32,13.52
1/6/16,12.53,12.82,13.36
1/7/16,12.44,12.61,13.21
1/8/16,12.56,12.71,12.77
1/11/16,12.4,12.64,12.71
1/12/16,12.35,12.48,12.42
1/13/16,12.51,12.54,12.58
1/14/16,12.29,12.81,12.21
1/15/16,12.36,12.73,12.43
1/19/16,12.67,12.67,12.19
1/20/16,12.12,12.28,12.71
1/21/16,12.15,12.58,12.51
1/22/16,12.7,12.72,12.35
1/25/16,12.66,12.73,12.15
1/26/16,12.57,12.8,12.37
1/27/16,12.68,12.96,12.7
1/28/16,12.96,12.96,12.5
1/29/16,12.89,13.05,12.8
2/1/16,13.1,13.1,12.7
2/2/16,12.55,12.68,12.84
2/3/16,12.26,12.65,12.97
2/4/16,12.22,12.5,12.7
2/5/16,11.43,11.79,12.12
2/8/16,10.97,11.09,12.24
2/9/16,10.37,10.65,12.21
2/10/16,10.52,10.77,11.1
2/11/16,10.44,10.48,10.56
2/12/16,10.53,10.99,10.49
2/16/16,10.92,11.1,10.6
2/17/16,11.02,11.27,10.4
2/18/16,11.02,11.05,10.75
2/19/16,10.8,11.06,10.94
2/22/16,11.04,11.19,11
2/23/16,11.02,11.17,10.85
2/24/16,10.49,10.86,10.92
2/25/16,10.81,10.88,11.1
2/26/16,10.95,11.04,10.89
2/29/16,10.91,11.17,10.79
3/1/16,10.9,10.94,10.87
3/2/16,10.73,10.94,10.92
3/3/16,10.89,10.97,10.82
3/4/16,10.92,11.13,10.77
3/7/16,10.87,11.35,10.89
3/8/16,11.22,11.27,10.91
3/9/16,11,11.35,11
3/10/16,11.17,11.19,11.31
3/11/16,11.25,11.77,10.92
3/14/16,11.69,11.92,11.09
3/15/16,11.51,11.62,11.09
3/16/16,11.53,12.13,11.75
3/17/16,12.07,12.66,11.56
3/18/16,12.49,12.59,11.57
3/21/16,12.29,12.44,12.06
3/22/16,12.33,12.65,12.44
3/23/16,12.61,12.75,12.31
3/24/16,12.44,12.54,12.38
3/28/16,12.52,12.86,12.64
3/29/16,12.82,12.9,12.54
3/30/16,12.94,12.94,12.5
3/31/16,12.74,12.88,12.85
4/1/16,12.68,13.05,12.86
4/4/16,13,13.06,12.75
4/5/16,12.69,12.87,12.77
4/6/16,12.66,12.81,13.03
4/7/16,12.73,12.85,12.76
4/8/16,12.69,12.69,12.61
4/11/16,12.42,12.49,12.77
4/12/16,12.35,12.55,12.59
4/13/16,12.54,12.71,12.41
4/14/16,12.75,12.86,12.29
4/15/16,12.73,12.75,12.47
4/18/16,12.59,12.65,12.7
4/19/16,12.46,12.68,12.73
4/20/16,12.56,12.67,12.7
4/21/16,12.54,12.91,12.46
4/22/16,12.76,12.91,12.54
4/25/16,12.76,12.82,12.54
4/26/16,12.64,12.84,12.74
4/27/16,12.79,12.88,12.8
4/28/16,12.6,12.79,12.62
4/29/16,12.48,12.58,12.79
5/2/16,12.45,12.69,12.67
5/3/16,12.49,12.53,12.54
5/4/16,12.16,12.31,12.42
5/5/16,12.22,12.23,12.61
5/6/16,11.83,12.73,12.23
5/9/16,12.46,12.67,12.15
5/10/16,12.34,12.36,12.17
5/11/16,12.24,12.32,12.7
5/12/16,12.23,12.27,12.28
5/13/16,11.93,12.01,12.32
5/16/16,11.66,11.77,12.2
5/17/16,11.74,11.91,11.94
5/18/16,11.86,11.86,11.65
5/19/16,11.52,11.65,11.75
5/20/16,11.57,11.92,11.69
5/23/16,11.84,11.96,11.61
5/24/16,11.8,11.88,11.52
5/25/16,11.85,12.09,11.85
5/26/16,12,12.06,11.7
5/27/16,11.86,11.95,11.81
5/31/16,11.91,12,12.03
6/1/16,11.91,12.07,11.86
6/2/16,11.99,12.14,11.91
6/3/16,12.08,12.08,11.96
6/6/16,11.99,12.21,12.02
6/7/16,12.13,12.19,12.14
6/8/16,11.87,11.94,11.97
6/9/16,11.74,11.82,12.16
6/10/16,11.6,11.62,11.87
6/13/16,11.48,11.73,11.8
6/14/16,11.53,11.62,11.69
6/15/16,11.39,11.87,11.51
6/16/16,11.58,11.66,11.55
6/17/16,11.38,11.4,11.45
6/20/16,11.41,11.55,11.67
6/21/16,11.41,11.56,11.4
6/22/16,11.57,11.83,11.28
6/23/16,11.79,12.04,11.41
6/24/16,11.3,11.33,11.55
6/27/16,11.06,11.16,11.66
6/28/16,10.73,10.83,11.86
6/29/16,10.85,11.25,11.13
6/30/16,11.3,11.43,10.62
7/1/16,11.36,11.62,10.73
7/5/16,11.45,11.45,11.23
7/6/16,11.19,11.27,11.35
7/7/16,11.23,11.45,11.48
7/8/16,11.47,11.72,11.24
7/11/16,11.72,11.87,11.23
7/12/16,11.98,12.17,11.36
7/13/16,12.18,12.34,11.67
7/14/16,12.35,12.46,11.85
7/15/16,12.4,12.4,12.13
7/18/16,12.3,12.56,12.26
7/19/16,12.41,12.53,12.33
7/20/16,12.56,12.58,12.3
7/21/16,12.23,12.54,12.44
7/22/16,12.45,12.62,12.5
7/25/16,12.63,12.67,12.48
7/26/16,12.63,12.83,12.4
7/27/16,12.77,12.91,12.62
7/28/16,12.43,12.78,12.61
7/29/16,12.54,13.02,12.8
8/1/16,12.95,13.08,12.74
8/2/16,12.83,12.84,12.78
8/3/16,12.68,12.81,12.97
8/4/16,12.66,12.76,12.86
8/5/16,12.79,13.01,12.68
8/8/16,12.87,13.03,12.66
8/9/16,12.8,13.4,12.74
8/10/16,13.37,13.38,12.83
8/11/16,13.21,13.46,12.84
8/12/16,13.41,13.54,13.32
8/15/16,13.55,13.72,13.15
8/16/16,13.55,13.73,13.39
8/17/16,13.69,13.77,13.51
8/18/16,13.73,13.88,13.65
8/19/16,13.75,13.79,13.68
8/22/16,13.66,13.84,13.76
8/23/16,13.94,13.94,13.75
8/24/16,13.9,13.95,13.74
8/25/16,13.85,13.94,13.82
8/26/16,13.97,14.12,13.85
8/29/16,14.05,14.12,13.84
8/30/16,13.94,14.13,13.89
8/31/16,14.03,14.07,13.98
9/1/16,14.09,14.14,14.04
9/2/16,14.05,14.12,14.01
9/6/16,14.34,14.34,14.06
9/7/16,13.74,13.82,13.97
9/8/16,13.75,14.04,13.94
9/9/16,13.69,13.77,13.76
9/12/16,13.22,13.92,13.78
9/13/16,13.75,13.77,13.81
9/14/16,13.65,13.76,13.36
9/15/16,13.72,13.77,13.9
9/16/16,13.52,13.69,13.64
9/19/16,13.68,13.73,13.71
9/20/16,13.73,13.78,13.64
9/21/16,13.73,13.96,13.64
9/22/16,14.02,14.17,13.62
9/23/16,14,14.23,13.71
9/26/16,13.99,13.99,13.93
9/27/16,13.83,13.96,14.14
9/28/16,13.96,14.04,14.05
9/29/16,14.03,14.07,13.82
9/30/16,13.91,14.11,13.96
10/3/16,13.89,14.51,14.02
10/4/16,14.44,14.51,13.89
10/5/16,14.29,14.68,13.98
10/6/16,14.57,14.61,14.43
10/7/16,14.5,14.55,14.28
10/10/16,14.17,14.35,14.62
10/11/16,13.64,13.92,14.52
10/12/16,13.68,13.7,14.11
10/13/16,13.4,13.59,13.92
10/14/16,13.62,13.65,13.67
10/17/16,13.38,13.44,13.47
10/18/16,13.54,13.63,13.54
10/19/16,13.52,13.73,13.37
10/20/16,13.59,13.69,13.38
10/21/16,13.37,13.54,13.51
10/24/16,13.53,13.53,13.65
10/25/16,12.96,12.99,13.51
10/26/16,12.63,12.97,13.41
10/27/16,12.7,12.75,12.97
10/28/16,12.16,12.41,12.65
10/31/16,12.26,12.35,12.91
11/1/16,12.22,12.28,12.22
11/2/16,12.1,12.14,12.17
11/3/16,11.92,11.97,12.12
11/4/16,11.88,12.06,12.05
11/7/16,12.07,12.32,11.84
11/8/16,11.15,11.93,11.83
11/9/16,11.46,12.15,11.89
11/10/16,11.95,12.17,12.22
11/11/16,11.87,12.18,11.65
11/14/16,12.17,12.32,11.98
11/15/16,12.2,12.25,11.95
11/16/16,11.98,12.09,12.12
11/17/16,12.06,12.19,12.17
11/18/16,12.02,12.05,12.01
11/21/16,12.01,12.01,12.02
11/22/16,11.77,11.85,12
11/23/16,11.63,11.82,11.87
11/25/16,11.83,11.97,11.73
11/28/16,11.76,12.02,11.68
11/29/16,11.83,11.87,11.8
11/30/16,11.55,11.69,11.8
12/1/16,11.59,11.8,11.84
12/2/16,11.77,11.82,11.54
12/5/16,11.72,11.83,11.56
12/6/16,11.8,11.82,11.76
12/7/16,11.8,11.94,11.66
12/8/16,11.87,11.99,11.81
12/9/16,11.93,12.13,11.79
12/12/16,12.04,12.11,11.83
12/13/16,12.05,12.15,11.92
12/14/16,11.87,12.04,12.05
12/15/16,11.92,12.01,12.01
12/16/16,11.76,11.83,11.88
12/19/16,11.65,11.78,11.88
12/20/16,11.76,11.81,11.69
12/21/16,11.66,11.77,11.61
12/22/16,11.7,11.8,11.73
12/23/16,11.74,11.77,11.65
12/27/16,11.74,11.91,11.72
12/28/16,11.91,11.92,11.74
12/29/16,11.69,11.73,11.73
12/30/16,11.67,11.69,11.91
1/3/17,11.55,11.84,11.69
1/4/17,11.7,11.9,11.66
1/5/17,11.87,11.98,11.46
1/6/17,11.88,12,11.69
1/9/17,11.9,12.05,11.87
1/10/17,12.05,12.07,11.89
1/11/17,12,12.17,11.93
1/12/17,12.01,12.18,12
1/13/17,12.01,12.1,12
1/17/17,11.97,12.26,12.04
1/18/17,12.2,12.22,12.02
1/19/17,12.14,12.14,12.05
1/20/17,12.05,12.12,12.23
1/23/17,11.97,12.01,12.14
1/24/17,11.96,12.17,12.04
1/25/17,12.13,12.36,11.97
1/26/17,12.32,12.37,11.96
1/27/17,12.19,12.37,12.11
1/30/17,12.33,12.34,12.31
1/31/17,12.28,12.32,12.22
2/1/17,12.29,12.41,12.36
2/2/17,12.38,12.38,12.33
2/3/17,12.26,12.3,12.29
2/6/17,12.26,12.35,12.36
2/7/17,12.24,12.24,12.22
2/8/17,12.2,12.29,12.27
2/9/17,12.21,12.41,12.22
2/10/17,12.5,13.42,12.2
2/13/17,13.37,13.48,12.16
2/14/17,13.11,13.17,12.39
2/15/17,13.04,13.22,13.29
2/16/17,13.09,13.28,13.08
2/17/17,13.02,13.14,13.08
2/21/17,13.08,13.47,13.1
2/22/17,13.32,13.36,13.05
2/23/17,13.27,13.38,13.08
2/24/17,13.24,13.25,13.33
2/27/17,13.13,13.17,13.29
2/28/17,13.06,13.06,13.24
3/1/17,12.92,13.11,13.1
3/2/17,13.11,13.11,13.06
3/3/17,12.79,12.93,12.82
3/6/17,12.78,12.97,13.09
3/7/17,13.07,13.34,12.84
3/8/17,12.68,12.71,12.9
3/9/17,12.49,12.56,12.95
3/10/17,12.46,12.51,12.66
3/13/17,12.25,12.37,12.49
3/14/17,12.25,12.4,12.41
3/15/17,12.41,13.07,12.38
3/16/17,12.59,12.65,12.28
3/17/17,12.6,12.71,12.4
3/20/17,12.67,12.67,12.6
3/21/17,12.7,12.76,12.64
3/22/17,12.53,12.59,12.65
3/23/17,12.52,12.62,12.63
3/24/17,12.58,12.66,12.52
3/27/17,12.5,12.61,12.52
3/28/17,12.59,12.87,12.55
3/29/17,12.81,13.03,12.55
3/30/17,12.99,13.31,12.58
3/31/17,13.09,13.1,12.84
4/3/17,12.96,13.19,13
4/4/17,12.84,12.89,13.24
4/5/17,12.82,12.91,13
4/6/17,12.59,12.67,12.79
4/7/17,12.55,12.57,12.77
4/10/17,12.51,12.63,12.63
4/11/17,12.5,12.56,12.57
4/12/17,12.49,12.57,12.51
4/13/17,12.49,12.52,12.53
4/17/17,12.39,12.44,12.5
4/18/17,12.36,12.45,12.49
4/19/17,12.38,12.48,12.33
4/20/17,12.45,13.01,12.41
4/21/17,12.91,12.99,12.33
4/24/17,13.05,13.09,12.43
4/25/17,13.08,13.13,12.94
4/26/17,13.07,13.14,12.89
4/27/17,12.96,13.03,13.04
4/28/17,12.93,12.98,13.07
5/1/17,12.75,12.86,12.94
5/2/17,12.71,12.75,12.96
5/3/17,12.59,12.61,12.72
5/4/17,12.64,12.64,12.74
5/5/17,12.59,12.69,12.62
5/8/17,12.7,12.92,12.57
5/9/17,12.81,13.12,12.57
5/10/17,12.3,13.3,12.69
5/11/17,12.67,12.77,12.79
5/12/17,12.67,12.73,13.11
5/15/17,12.78,12.94,12.71
5/16/17,12.96,12.96,12.68
5/17/17,12.84,12.86,12.71
5/18/17,12.69,12.78,12.89
5/19/17,12.72,12.83,12.93
5/22/17,12.86,13.15,12.66
5/23/17,13.17,13.26,12.7
5/24/17,13.19,13.23,12.82
5/25/17,13.29,13.31,13.12
5/26/17,13.23,13.43,13.15
5/30/17,13.32,13.43,13.22
5/31/17,13.33,13.39,13.21
6/1/17,13.5,13.62,13.42
6/2/17,13.55,13.64,13.29
6/5/17,13.61,13.61,13.38
6/6/17,13.41,13.5,13.57
6/7/17,13.54,13.55,13.58
6/8/17,13.47,13.53,13.44
6/9/17,13.55,13.68,13.48
6/12/17,13.65,13.84,13.36
6/13/17,13.65,13.7,13.51
6/14/17,13.59,13.63,13.65
6/15/17,13.59,13.72,13.67
6/16/17,13.64,13.78,13.56
6/19/17,13.75,13.85,13.58
6/20/17,13.75,13.75,13.61
6/21/17,13.54,13.61,13.73
6/22/17,13.53,13.55,13.78
6/23/17,13.44,13.62,13.49
6/26/17,13.61,13.68,13.53
6/27/17,13.61,13.79,13.45
6/28/17,13.72,13.92,13.59
6/29/17,13.85,13.92,13.66
6/30/17,13.63,13.76,13.66
7/3/17,13.74,13.92,13.85
7/5/17,13.89,13.89,13.6
7/6/17,13.67,13.68,13.7
7/7/17,13.28,13.37,13.89
7/10/17,13.28,13.41,13.73
7/11/17,13.14,13.34,13.24
7/12/17,13.32,13.43,13.32
7/13/17,13.23,13.32,13.15
7/14/17,13.3,13.62,13.27
7/17/17,13.57,13.76,13.2
7/18/17,13.65,13.68,13.23
7/19/17,13.68,13.98,13.57
7/20/17,13.91,14.08,13.68
7/21/17,13.9,14.06,13.63
7/24/17,13.95,14.04,13.93
7/25/17,14.05,14.17,13.96
7/26/17,14.12,14.34,13.93
7/27/17,14.21,14.35,13.98
7/28/17,14.26,14.49,14.12
7/31/17,14.43,14.43,14.23
8/1/17,14.38,14.46,14.27
8/2/17,14.4,14.4,14.39
8/3/17,14.28,14.4,14.31
8/4/17,14.28,14.28,14.43
8/7/17,14.12,14.43,14.27
8/8/17,14.32,14.32,14.25
8/9/17,14.17,14.22,14.12
8/10/17,14.13,14.18,14.34
8/11/17,13.76,14.04,14.24
8/14/17,13.54,13.61,14.17
8/15/17,13.41,13.44,13.68
8/16/17,13.41,13.48,13.43
8/17/17,13.2,13.45,13.37
8/18/17,13.25,13.47,13.31
8/21/17,13.21,13.35,13.25
8/22/17,13.28,13.44,13.23
8/23/17,13.29,13.34,13.27
8/24/17,13.21,13.23,13.31
8/25/17,13.28,13.47,13.39
8/28/17,13.37,13.47,13.18
8/29/17,13.36,13.39,13.2
8/30/17,13.36,13.36,13.42
8/31/17,13.32,13.41,13.43
9/1/17,13.4,13.52,13.36
9/5/17,13.45,13.46,13.3
9/6/17,13.33,13.49,13.37
9/7/17,13.43,13.58,13.45
9/8/17,13.53,13.54,13.28
9/11/17,13.23,13.41,13.39
9/12/17,13.3,13.35,13.53
9/13/17,13.21,13.21,13.14
9/14/17,13,13.09,13.34
9/15/17,13.05,13.16,13.26
9/18/17,13.14,13.22,13
9/19/17,13.1,13.16,13.05
9/20/17,13.1,13.21,13.09
9/21/17,13.16,13.19,13.09
9/22/17,13.02,13.12,13.05
9/25/17,13.05,13.23,13.17
9/26/17,13.23,13.23,13.08
9/27/17,13.13,13.3,13.03
9/28/17,13.21,13.35,13.2
9/29/17,13.22,13.26,13.11
10/2/17,13.29,13.37,13.26
10/3/17,13.29,13.43,13.26
10/4/17,13.38,13.42,13.26
10/5/17,13.41,13.46,13.28
10/6/17,13.41,13.44,13.37
10/9/17,13.27,13.29,13.36
10/10/17,13.26,13.55,13.43
10/11/17,13.46,13.5,13.29
10/12/17,13.46,13.58,13.18
10/13/17,13.61,13.74,13.5
10/16/17,13.68,13.76,13.48
10/17/17,13.64,13.69,13.54
10/18/17,13.62,13.77,13.68
10/19/17,13.65,13.71,13.68
10/20/17,13.69,13.78,13.62
10/23/17,13.72,13.77,13.73
10/24/17,13.75,13.78,13.62
10/25/17,13.62,13.71,13.71
10/26/17,13.69,13.82,13.75
10/27/17,13.66,13.73,13.63
10/30/17,13.68,13.83,13.66
10/31/17,13.83,13.83,13.68
11/1/17,13.73,13.87,13.69
11/2/17,13.67,13.83,13.81
11/3/17,13.76,13.87,13.66
11/6/17,13.89,14.28,13.71
11/7/17,14.21,14.53,13.8
11/8/17,14.08,14.15,13.87
11/9/17,14.13,14.56,14.28
11/10/17,14.66,15.79,14.15
11/13/17,15.1,15.41,14.14
11/14/17,15.17,15.5,14.36
11/15/17,15.23,15.28,15.1
11/16/17,15.18,15.73,15.23
11/17/17,15.69,15.93,15.27
11/20/17,15.83,15.83,15.19
11/21/17,15.74,15.82,15.72
11/22/17,15.82,15.87,15.84
11/24/17,15.82,15.82,15.67
11/27/17,15.76,15.81,15.79
11/28/17,15.8,16.16,15.77
11/29/17,16.1,16.43,15.77
11/30/17,16.4,16.42,15.74
12/1/17,16.24,16.32,16.15
12/4/17,16.26,16.870001,16.35
12/5/17,16.59,16.65,16.16
12/6/17,16.4,16.52,16.200001
12/7/17,16.379999,16.389999,16.540001
12/8/17,16.42,16.559999,16.4
12/11/17,16.559999,16.75,16.389999
12/12/17,16.610001,16.620001,16.360001
12/13/17,16.27,16.33,16.549999
12/14/17,16.280001,16.41,16.59
12/15/17,16.23,16.25,16.219999
12/18/17,16.110001,16.370001,16.280001
12/19/17,16.389999,16.459999,16.219999
12/20/17,16.34,16.42,16.02
12/21/17,16.27,16.5,16.33
12/22/17,16.32,16.450001,16.27
12/26/17,16.42,16.48,16.24
12/27/17,16.34,16.379999,16.34
12/28/17,16.280001,16.34,16.42
12/29/17,16.34,16.379999,16.309999
1/2/18,16.299999,16.450001,16.25
1/3/18,16.450001,16.530001,16.33
1/4/18,16.540001,16.690001,16.209999
1/5/18,16.889999,17.1,16.43
1/8/18,16.799999,16.85,16.49
1/9/18,16.860001,16.969999,16.59
1/10/18,16.85,16.9,16.799999
1/11/18,16.870001,17.219999,16.83
1/12/18,17.110001,17.18,16.879999
1/16/18,17.200001,17.26,16.85
1/17/18,16.969999,17.290001,17.08
1/18/18,17.18,17.23,17.15
1/19/18,17.08,17.280001,16.969999
1/22/18,17.16,17.190001,17.209999
1/23/18,17.110001,17.120001,17.01
1/24/18,17.120001,17.190001,17.219999
1/25/18,17.110001,17.15,17.18
1/26/18,17.110001,17.16,17.07
1/29/18,17.1,17.24,17.09
1/30/18,17.02,17.209999,17.040001
1/31/18,17.040001,17.139999,17.139999
2/1/18,17.02,17.1,17.059999
2/2/18,16.780001,16.83,17.049999
2/5/18,16.4,16.59,17.110001
2/6/18,15.61,16.309999,16.82
2/7/18,16.209999,16.360001,16.41
2/8/18,16.01,16.139999,15.83
2/9/18,15.79,16.35,16.290001
2/12/18,15.91,15.96,16.059999
2/13/18,15.7,16.25,15.65
2/14/18,16.110001,16.4,15.77
2/15/18,16.370001,16.49,15.75
2/16/18,16.32,16.440001,16.219999
2/20/18,16.15,16.23,16.34
2/21/18,15.96,16.23,16.370001
2/22/18,16.120001,16.34,16.26
2/23/18,16.299999,16.51,15.95
2/26/18,16.530001,16.66,16.01
2/27/18,16.610001,16.67,16.219999
2/28/18,16.389999,16.450001,16.5
3/1/18,16.110001,16.190001,16.639999
3/2/18,15.75,15.9,16.379999
3/5/18,15.79,16.18,16.129999
3/6/18,16.16,16.440001,15.75
3/7/18,16.27,16.35,15.87
3/8/18,16.370001,16.389999,16.15
3/9/18,16.299999,16.469999,16.42
3/12/18,16.51,16.67,16.299999
3/13/18,16.559999,16.67,16.219999
3/14/18,16.450001,16.469999,16.469999
3/15/18,16.34,16.5,16.549999
3/16/18,16.440001,16.68,16.370001
3/19/18,16.549999,16.65,16.33
3/20/18,16.370001,16.41,16.42
3/21/18,16.360001,16.58,16.6
3/22/18,16.379999,16.57,16.34
3/23/18,16.290001,16.33,16.360001
3/26/18,15.74,15.76,16.51
3/27/18,15.71,15.88,16.27
3/28/18,15.58,15.69,15.56
3/29/18,15.56,15.95,15.68
4/2/18,15.76,15.83,15.58
4/3/18,15.42,15.66,15.43
4/4/18,15.43,15.79,15.8
4/5/18,15.78,15.94,15.41
4/6/18,15.59,15.79,15.64
4/9/18,15.55,15.9,15.78
4/10/18,15.78,16.15,15.75
4/11/18,15.83,15.93,15.5
4/12/18,15.88,15.97,15.65
4/13/18,15.9,16.059999,15.95
4/16/18,15.81,15.99,15.8
4/17/18,16.02,16.129999,15.91
4/18/18,16.1,16.190001,15.72
4/19/18,15.98,16.219999,15.95
4/20/18,16.23,16.23,16.1
4/23/18,16.18,16.27,16.030001
4/24/18,16.24,16.290001,16.190001
4/25/18,15.87,15.95,16.17
4/26/18,15.99,16.049999,16.18
4/27/18,15.95,16.290001,15.9
4/30/18,16.059999,16.16,15.88
5/1/18,15.94,16.030001,15.97
5/2/18,15.95,16,16.01
5/3/18,15.7,15.92,15.98
5/4/18,15.81,16.15,16.01
5/7/18,16.16,16.450001,15.71
5/8/18,16.309999,16.469999,15.88
5/9/18,16.440001,16.52,16.139999
5/10/18,16.559999,16.65,16.389999
5/11/18,16.1,16.559999,16.370001
5/14/18,15.43,15.93,16.51
5/15/18,15.78,15.87,16.59
5/16/18,15.8,15.99,15.18
5/17/18,15.86,15.94,15.82
5/18/18,15.68,15.74,15.79
5/21/18,15.67,15.79,15.89
5/22/18,15.7,15.8,15.74
5/23/18,15.52,15.57,15.63
5/24/18,15.45,15.57,15.7
5/25/18,15.49,15.62,15.61
5/29/18,15.46,15.62,15.48
5/30/18,15.17,15.46,15.52
5/31/18,15.39,15.43,15.58
6/1/18,15.14,15.26,15.08
6/4/18,15.3,15.35,15.4
6/5/18,15.26,15.65,15.03
6/6/18,15.64,15.78,15.21
6/7/18,15.72,15.79,15.29
6/8/18,15.67,15.86,15.62
6/11/18,15.79,15.92,15.7
6/12/18,15.92,16.049999,15.66
6/13/18,16.049999,16.35,15.82
6/14/18,15.97,16.049999,15.87
6/15/18,15.99,16.09,16
6/18/18,15.9,16.08,15.85
6/19/18,15.92,16.01,16.02
6/20/18,16.02,16.110001,15.98
6/21/18,15.98,15.98,16.059999
6/22/18,15.88,15.9,15.95
6/25/18,15.81,15.88,16.01
6/26/18,15.58,15.59,15.79
6/27/18,15.52,15.73,15.82
6/28/18,15.49,15.59,15.54
6/29/18,15.53,15.72,15.52
7/2/18,15.44,15.48,15.44
7/3/18,15.24,15.36,15.53
7/5/18,15.33,15.33,15.5
7/6/18,15.34,15.49,15.15
7/9/18,15.44,15.53,15.28
7/10/18,15.54,15.81,15.28
7/11/18,15.65,15.68,15.4
7/12/18,15.62,15.66,15.5
7/13/18,15.58,15.66,15.77
7/16/18,15.61,15.63,15.55
7/17/18,15.42,15.45,15.56
7/18/18,15.35,15.63,15.59
7/19/18,15.47,15.66,15.41
7/20/18,15.49,15.52,15.38
7/23/18,15.31,15.5,15.55
7/24/18,15.16,15.41,15.49
7/25/18,15.02,15.2,15.28
7/26/18,15.19,15.3,15.27
7/27/18,15.14,15.18,15.05
7/30/18,14.89,15.05,15.17
7/31/18,15.02,15.13,15.09
8/1/18,14.99,15.1,14.89
8/2/18,14.99,15.04,14.95
8/3/18,15.05,15.1,15.07
8/6/18,15.05,15.23,15.07
8/7/18,15.12,15.21,15.01
8/8/18,15.15,15.19,15.08
8/9/18,15.17,15.44,15.12
8/10/18,15.17,15.17,15.14
8/13/18,13.4,13.79,15.14
8/14/18,13.7,13.95,15.26
8/15/18,13.59,13.7,13.2
8/16/18,13.67,13.99,13.58
8/17/18,13.86,13.97,13.69
8/20/18,13.38,13.71,13.67
8/21/18,13.58,13.64,13.9
8/22/18,13.59,13.75,13.9
8/23/18,13.57,13.65,13.57
8/24/18,13.43,13.56,13.57
8/27/18,13.4,13.5,13.65
8/28/18,13.25,13.35,13.41
8/29/18,13.35,13.5,13.4
8/30/18,13.33,13.44,13.25
8/31/18,13.17,13.2,13.21
9/4/18,13.31,13.31,13.34
9/5/18,12.88,13.02,13.22
9/6/18,12.88,12.98,13.07
9/7/18,12.62,12.78,12.92
9/10/18,12.7,12.75,12.88
9/11/18,12.54,12.59,12.7
9/12/18,12.49,12.61,12.66
9/13/18,12.39,12.6,12.62
9/14/18,12.53,12.62,12.53
9/17/18,12.54,12.54,12.36
9/18/18,12.33,12.51,12.5
9/19/18,12.45,12.65,12.44
9/20/18,12.54,12.65,12.27
9/21/18,12.65,12.81,12.42
9/24/18,12.7,12.84,12.52
9/25/18,12.76,12.94,12.62
9/26/18,12.88,12.96,12.81
9/27/18,13.06,13.08,12.75
9/28/18,12.85,13.22,12.91
10/1/18,13.22,13.3,12.85
10/2/18,13.1,13.15,12.88
10/3/18,13.11,13.41,13.19
10/4/18,13.31,13.39,13.1
10/5/18,13.46,13.5,13.07
10/8/18,13.24,13.33,13.38
10/9/18,13.49,13.52,13.33
10/10/18,13.36,13.44,13.29
10/11/18,12.75,12.83,13.32
10/12/18,12.87,12.88,13.48
10/15/18,12.74,13.09,12.77
10/16/18,13.07,13.18,12.7
10/17/18,13.14,13.27,12.82
10/18/18,13.22,13.3,12.99
10/19/18,13.21,13.38,13.14
10/22/18,13.18,13.2,13.21
10/23/18,13.02,13.18,13.14
10/24/18,13.05,13.19,13.13
10/25/18,12.92,13.01,13.19
10/26/18,12.77,12.83,13.09
10/29/18,12.79,12.95,12.85
10/30/18,12.51,12.82,12.86
10/31/18,12.97,13.33,12.67
11/1/18,13.16,13.22,12.47
11/2/18,13.16,13.26,12.82
11/5/18,13.17,13.31,13.19
11/6/18,13.17,13.33,13.13
11/7/18,13.4,13.5,13.17
11/8/18,13.99,14.14,13.16
11/9/18,14.1,14.38,13.27
11/12/18,14.23,14.27,13.43
11/13/18,13.74,13.88,14.14
11/14/18,13.7,13.84,14.24
11/15/18,13.73,13.73,13.69
11/16/18,13.55,13.76,13.66
11/19/18,13.56,13.58,13.81
11/20/18,13.17,13.32,13.57
11/21/18,12.62,12.94,13.57
11/23/18,12.55,12.72,13.3
11/26/18,12.76,13.05,12.6
11/27/18,12.97,13.17,12.59
11/28/18,12.88,13.14,12.61
11/29/18,13.06,13.37,13.03
11/30/18,13.24,13.28,12.87
12/3/18,13.19,13.43,13.13
12/4/18,13.31,13.4,13.21
12/6/18,12.7,12.76,12.98
12/7/18,12.47,12.65,13.3
12/10/18,12.36,12.56,12.89
12/11/18,12.7,13.01,12.47
12/12/18,12.81,12.88,12.36
12/13/18,12.75,12.98,12.53
12/14/18,12.5,12.51,12.46
12/17/18,12.26,12.36,12.73
12/18/18,12.11,12.35,12.6
12/19/18,12.02,12.26,12.25
12/20/18,11.83,11.83,12.07
12/21/18,11.4,11.66,11.97
12/24/18,11.01,11.17,11.84
12/26/18,10.93,11.18,11.34
12/27/18,11.05,11.21,11.04
12/28/18,11.24,11.39,10.87
12/31/18,11.3,11.4,11.18
1/2/19,11.21,11.46,11.21
1/3/19,11.35,11.47,11.25
1/4/19,11.42,11.8,11.35
1/7/19,11.73,12.06,11.39
1/8/19,12.06,12.23,11.28
1/9/19,12.06,12.32,11.77
1/10/19,12.19,12.23,11.98
1/11/19,12.1,12.25,12.16
1/14/19,12.52,12.52,12.21
1/15/19,12.29,12.5,12.18
1/16/19,12.37,12.49,12.24
1/17/19,12.33,12.54,12.29
1/18/19,12.52,12.56,12.38
1/22/19,12.46,12.51,12.38
1/23/19,12.39,12.39,12.44
1/24/19,12.16,12.46,12.52
1/25/19,12.55,12.79,12.35
1/28/19,12.62,12.71,12.17
1/29/19,12.63,12.82,12.44
1/30/19,12.71,12.8,12.69
1/31/19,12.68,12.87,12.63
2/1/19,12.85,12.85,12.72
2/4/19,12.73,12.96,12.67
2/5/19,12.85,12.99,12.83
2/6/19,12.98,13.13,12.74
2/7/19,12.83,12.84,12.87
2/8/19,12.67,12.95,12.98
2/11/19,12.54,12.79,12.92
2/12/19,12.26,12.52,12.71
2/13/19,12.42,12.61,12.46
2/14/19,12.39,12.65,12.22
2/15/19,12.57,12.77,12.4
2/19/19,12.74,12.9,12.44
2/20/19,12.78,13.03,12.5
2/21/19,12.83,12.86,12.75
2/22/19,12.85,13.05,12.76
2/25/19,13.11,13.19,12.88
2/26/19,13.02,13.07,12.8
2/27/19,12.95,13.11,12.98
2/28/19,13.04,13.08,13.02
3/1/19,13.09,13.28,13.02
3/4/19,13.35,13.41,13.04
3/5/19,13.25,13.28,13.02
3/6/19,13.14,13.22,13.25
3/7/19,13.11,13.12,13.24
3/8/19,12.77,12.82,13.18
3/11/19,12.87,13.08,13.12
3/12/19,12.98,13.08,12.9
3/13/19,12.9,12.91,12.8
3/14/19,12.76,12.76,13.04
3/15/19,12.68,12.72,12.87
3/18/19,12.64,12.79,12.74
3/19/19,12.64,12.7,12.64
3/20/19,12.53,12.68,12.64
3/21/19,12.56,12.97,12.62
3/22/19,12.94,12.94,12.54
3/25/19,12.63,12.7,12.6
3/26/19,12.56,12.66,12.85
3/27/19,12.46,12.48,12.63
3/28/19,12.33,12.42,12.56
3/29/19,12.43,12.46,12.42
4/1/19,12.52,12.64,12.31
4/2/19,12.52,12.57,12.38
4/3/19,12.53,12.68,12.44
4/4/19,12.53,12.61,12.52
4/5/19,12.52,12.63,12.44
4/8/19,12.57,12.67,12.49
4/9/19,12.5,12.57,12.5
4/10/19,12.48,12.66,12.55
4/11/19,12.66,12.69,12.52
4/12/19,12.62,12.7,12.52
4/15/19,12.66,12.71,12.65
4/16/19,12.59,12.72,12.54
4/17/19,12.71,12.84,12.65
4/18/19,12.58,12.58,12.54
4/22/19,12.49,12.51,12.67
4/23/19,12.42,12.59,12.59
4/24/19,12.5,12.55,12.52
4/25/19,12.44,12.49,12.44
4/26/19,12.37,12.47,12.5
4/29/19,12.45,12.6,12.51
4/30/19,12.44,12.48,12.35
5/1/19,12.44,12.53,12.46
5/2/19,12.37,12.37,12.44
5/3/19,12.29,12.37,12.42
5/6/19,12.18,12.26,12.37
5/7/19,11.89,11.99,12.26
5/8/19,11.52,11.67,12.34
5/9/19,11.35,11.52,12.03
5/10/19,11.53,12.15,11.57
5/13/19,11.66,11.82,11.42
5/14/19,11.5,11.63,11.43
5/15/19,11.41,11.61,11.9
5/16/19,11.61,11.74,11.46
5/17/19,11.44,11.53,11.52
5/20/19,11.62,11.83,11.57
5/21/19,11.7,11.83,11.53
5/22/19,11.76,11.82,11.41
5/23/19,11.7,11.81,11.59
5/24/19,11.84,11.91,11.8
5/28/19,11.81,11.85,11.76
5/29/19,11.77,11.82,11.79
5/30/19,11.62,11.72,11.78
5/31/19,11.35,11.46,11.78
6/3/19,11.36,11.5,11.61
6/4/19,11.64,11.66,11.45
6/5/19,11.62,11.65,11.39
6/6/19,11.61,11.68,11.42
6/7/19,11.61,11.75,11.58
6/10/19,11.81,11.85,11.62
6/11/19,11.85,11.87,11.6
6/12/19,11.77,11.85,11.72
6/13/19,11.76,11.83,11.77
6/14/19,11.77,11.86,11.8
6/17/19,11.85,12.28,11.74
6/18/19,12.25,13.02,11.79
6/19/19,12.9,13.45,11.83
6/20/19,13.52,13.61,12.24
6/21/19,13.55,13.69,12.89
6/24/19,13.5,13.54,13.37
6/25/19,13.31,13.37,13.56
6/26/19,13.27,13.4,13.53
6/27/19,13.32,13.5,13.32
6/28/19,13.45,13.58,13.25
7/1/19,13.73,13.79,13.3
7/2/19,13.59,13.68,13.43
7/3/19,13.57,13.57,13.49
7/5/19,13.4,13.56,13.6
7/8/19,13.38,13.48,13.51
7/9/19,13.22,13.37,13.45
7/10/19,13.37,13.39,13.46
7/11/19,13.33,13.36,13.29
7/12/19,13.24,13.4,13.3
7/15/19,13.3,13.37,13.3
7/16/19,13.4,13.61,13.22
7/17/19,13.58,13.67,13.31
7/18/19,13.15,13.33,13.36
7/19/19,13.09,13.26,13.58
7/22/19,13.14,13.3,13.22
7/23/19,13.35,13.45,13.28
7/24/19,13.33,13.65,13.14
7/25/19,13.56,13.58,13.26
7/26/19,13.41,13.47,13.38
7/29/19,13.4,13.47,13.57
7/30/19,13.28,13.41,13.37
7/31/19,13.35,13.39,13.43
8/1/19,13.12,13.26,13.38
8/2/19,12.96,13.02,13.38
8/5/19,12.82,12.83,13.16
8/6/19,12.84,12.92,13.03
8/7/19,12.75,12.83,12.98
8/8/19,12.86,13.05,12.76
8/9/19,12.91,13.77,12.9
8/12/19,13.75,14.23,12.79
8/13/19,14,14.35,13.03
8/14/19,13.9,14.17,13.7
8/15/19,13.39,13.94,14.03
8/16/19,13.68,13.83,14.04
8/19/19,14,14.14,13.38
8/20/19,13.98,14.15,13.65
8/21/19,13.99,14.19,13.76
8/22/19,14.19,14.26,13.99
8/23/19,14.07,14.12,13.92
8/26/19,13.63,13.67,14.1
8/27/19,13.73,13.76,14.15
8/28/19,13.52,13.72,13.54
8/29/19,13.86,13.91,13.66
8/30/19,13.84,13.94,13.51
9/3/19,13.65,13.66,13.72
9/4/19,13.74,13.91,13.8
9/5/19,14,14.14,13.75
9/6/19,14.05,14.2,13.55
9/9/19,14.04,14.38,13.89
9/10/19,14.27,14.53,14
9/11/19,14.53,14.65,14.11
9/12/19,14.58,14.66,14.37
9/13/19,14.51,14.58,14.51
9/16/19,14.49,14.5,14.55
9/17/19,14.07,14.27,14.42
9/18/19,14.23,14.36,14.55
9/19/19,14.3,14.3,14.08
9/20/19,14.01,14.21,14.25
9/23/19,13.88,14.12,14.24
9/24/19,14.04,14.09,13.95
9/25/19,13.92,14.12,13.94
9/26/19,14.04,14.04,14.01
9/27/19,13.96,14.03,13.93
9/30/19,13.92,14.19,14.04
10/1/19,13.94,14.12,13.93
10/2/19,13.77,13.83,13.86
10/3/19,13.8,13.82,13.92
10/4/19,13.6,13.89,13.88
10/7/19,13.79,13.86,13.75
10/8/19,13.63,13.63,13.69
10/9/19,13.02,13.13,13.86
10/10/19,13.06,13.25,13.71
10/11/19,13.3,13.59,12.97
10/14/19,13.53,13.56,13.08
10/15/19,13.49,13.54,13.18
10/16/19,13.4,13.69,13.5
10/17/19,13.71,13.82,13.53
10/18/19,13.64,13.77,13.42
10/21/19,13.53,13.71,13.66
10/22/19,13.69,14,13.67
10/23/19,13.87,13.93,13.47
10/24/19,13.93,14.17,13.65
10/25/19,13.78,13.88,13.84
10/28/19,13.85,14,13.85
10/29/19,14.07,14.07,13.81
10/30/19,13.92,13.92,13.8
10/31/19,13.66,13.72,13.89
11/1/19,13.72,13.84,13.96
11/4/19,13.82,13.94,13.64
11/5/19,13.85,13.91,13.71
11/6/19,13.73,13.76,13.76
11/7/19,13.59,13.8,13.81
11/8/19,13.26,13.46,13.75
11/11/19,12.78,13.19,13.55
11/12/19,13.14,13.16,13.32
11/13/19,13.06,13.26,12.9
11/14/19,13.06,13.1,13.15
11/15/19,12.95,13.02,13.12
11/18/19,12.93,13.05,13.11
11/19/19,12.9,12.93,12.91
11/20/19,12.81,12.86,12.99
11/21/19,12.76,12.9,12.89
11/22/19,12.62,12.74,12.88
11/25/19,12.79,12.89,12.73
11/26/19,12.99,13.08,12.57
11/27/19,13.12,13.22,12.71
11/29/19,13.01,13.05,12.86
12/2/19,12.86,12.93,13.04
12/3/19,12.93,13.07,13.07
12/4/19,12.69,12.9,12.88
12/5/19,12.88,13.05,12.88
12/6/19,13.09,13.26,12.67
12/9/19,13.19,13.5,12.84
12/10/19,13.25,13.34,13
12/11/19,13.25,13.42,13.21
12/12/19,13.37,13.83,13.23
12/13/19,13.81,13.84,13.21
12/16/19,13.66,13.94,13.31
12/17/19,13.78,13.84,13.79
12/18/19,13.78,14.07,13.59
12/19/19,14.01,14.05,13.73
12/20/19,14.05,14.08,13.79
12/23/19,14.27,14.27,14.06
12/24/19,13.98,14.03,13.92
12/26/19,14.05,14.18,13.95
12/27/19,14.13,14.23,14
12/30/19,14.13,14.16,13.98
12/31/19,14.1,14.14,14.17
1/2/20,14.17,14.45,14.15
1/3/20,14.22,14.43,14.07
1/6/20,14.34,14.37,14.14
1/7/20,14.38,14.59,14.44
1/8/20,14.47,14.68,14.4
1/9/20,14.54,14.59,14.36
1/10/20,14.41,14.47,14.5
1/13/20,14.38,14.58,14.54
1/14/20,14.51,14.69,14.43
1/15/20,14.67,14.8,14.35
1/16/20,14.83,14.98,14.57
1/17/20,14.92,15.07,14.67
1/21/20,14.77,14.88,14.79
1/22/20,14.49,14.59,14.91
1/23/20,14.37,14.43,14.91
1/24/20,14.29,14.34,14.49
1/27/20,13.7,13.86,14.45
1/28/20,13.67,13.79,14.35
1/29/20,13.51,13.64,13.94
1/30/20,13.21,13.67,13.66
1/31/20,13.59,13.72,13.51
2/3/20,13.74,13.84,13.37
2/4/20,13.81,13.83,13.65
2/5/20,13.93,14.17,13.62
2/6/20,14.21,14.57,13.64
2/7/20,13.97,14.45,13.81
2/10/20,14.19,14.19,14.09
2/11/20,13.86,14.14,14.47
2/12/20,14.16,14.5,14.19
2/13/20,14.41,14.47,13.76
2/14/20,14.42,14.62,14.13
2/18/20,14.56,14.6,14.44
2/19/20,14.55,14.79,14.4
2/20/20,14.74,14.74,14.6
2/21/20,14.47,14.49,14.5
2/24/20,13.99,14.14,14.61
2/25/20,13.67,13.87,14.55
2/26/20,12.87,12.95,14.34
2/27/20,12.1,12.41,13.61
2/28/20,11.51,12.22,12.86
3/2/20,12.12,12.44,12.33
3/3/20,12.34,12.75,11.93
3/4/20,11.69,11.97,12.08
3/5/20,11.48,11.48,12.43
3/6/20,10.68,11.11,11.84
3/9/20,10.26,10.57,11.77
3/10/20,10.35,10.83,11.07
3/11/20,10.45,10.57,11.02
3/12/20,9.38,9.83,10.14
3/13/20,9.74,10.5,10.8
3/16/20,10.56,10.56,10.09
3/17/20,10.17,11.48,9.22
3/18/20,10.57,10.62,10.47
3/19/20,9.82,10.35,10.14
3/20/20,9.36,9.71,10.88
3/23/20,9.11,9.19,9.88
3/24/20,8.65,8.7,9.67
3/25/20,8.66,9.23,9.02
3/26/20,8.78,9.4,8.23
3/27/20,8.89,8.89,8.68
3/30/20,8.47,8.93,8.72
3/31/20,8.98,9.33,9.16
4/1/20,8.42,9.07,8.53
4/2/20,8.52,8.86,8.82
4/3/20,8.16,8.31,8.98
4/6/20,8.57,8.99,8.64
4/7/20,8.83,9.55,8.2
4/8/20,8.85,9.03,8.18
4/9/20,9.12,9.61,8.93
4/13/20,9.47,9.47,8.79
4/14/20,9.58,9.6,8.95
4/15/20,9.12,9.12,9.49
4/16/20,8.94,9.1,9.39
4/17/20,8.65,9.04,9.41
4/20/20,8.74,8.92,8.93
4/21/20,8.51,8.57,8.44
4/22/20,8.62,8.67,8.9
4/23/20,8.47,8.87,8.77
4/24/20,8.73,8.91,8.44
4/27/20,8.87,9.54,8.44
4/28/20,9.65,9.95,8.68
4/29/20,10.05,10.52,8.83
4/30/20,10.26,10.59,9.46
5/1/20,9.76,9.78,9.81
5/4/20,9.34,9.69,10.5
5/5/20,9.74,10,9.91
5/6/20,9.6,9.81,9.48
5/7/20,9.79,9.94,9.64
5/8/20,10.61,11.06,9.55
5/11/20,10.78,10.88,9.67
5/12/20,10.74,10.99,9.65
5/13/20,10.46,10.63,10.93
5/14/20,10.39,10.8,10.7
5/15/20,10.67,10.9,10.59
5/18/20,11.35,11.54,10.61
5/19/20,11.16,11.41,10.73
5/20/20,11.24,11.51,10.87
5/21/20,11.37,11.47,11.16
5/22/20,11.45,11.58,11.1
5/26/20,11.94,12.01,11.45
5/27/20,12.06,12.09,11.38
5/28/20,12.19,12.21,11.52
5/29/20,11.84,12.29,11.88
6/1/20,12.26,12.46,12.09
6/2/20,12.39,12.39,11.88
6/3/20,12.44,12.93,12.25
6/4/20,12.79,12.99,12.19
6/5/20,13.07,13.32,12.25
6/8/20,12.95,13.38,12.91
6/9/20,13.19,13.26,12.79
6/10/20,12.88,12.88,12.96
6/11/20,12,12.04,13.36
6/12/20,11.88,11.93,12.88
6/15/20,11.34,11.9,12.39
6/16/20,12.23,12.29,11.41
6/17/20,12.01,12.37,11.72
6/18/20,12.09,12.21,11.79
6/19/20,11.95,12.21,11.94
6/22/20,11.78,12.03,12.3
6/23/20,12.1,12.21,11.93
6/24/20,11.82,11.94,11.86
6/25/20,11.62,11.87,11.96
6/26/20,11.67,11.73,12
6/29/20,11.61,11.71,11.67
6/30/20,11.68,11.9,11.76
7/1/20,11.85,12.21,11.48
7/2/20,12.21,12.33,11.65
7/6/20,12.25,12.46,11.86
7/7/20,12.04,12.16,12.08
7/8/20,11.97,12,12.03
7/9/20,11.79,12.13,12.17
7/10/20,11.78,12,12
7/13/20,12.03,12.22,11.85
7/14/20,11.92,12.44,11.73
7/15/20,12.54,12.71,11.96
7/16/20,12.61,12.87,11.93
7/17/20,12.79,12.89,12.43
7/20/20,12.75,12.82,12.65
7/21/20,12.7,12.87,12.76
7/22/20,13.05,13.05,12.82
7/23/20,12.89,13,12.66
7/24/20,12.81,12.9,12.75
7/27/20,12.72,12.91,12.85
7/28/20,12.77,12.82,12.72
7/29/20,12.82,12.95,12.71
7/30/20,12.75,12.97,12.88
7/31/20,12.85,12.92,12.71
8/3/20,12.78,13.04,12.87
8/4/20,12.98,13.41,12.9
8/5/20,13.41,13.51,12.72
8/6/20,13.15,13.6,13
8/7/20,13.44,14.36,13.39
8/10/20,14.34,14.97,13.29
8/11/20,14.85,15.33,13.51
8/12/20,15.1,15.41,14.34
8/13/20,15.21,15.42,14.84
8/14/20,15.31,15.46,14.89
8/17/20,15.33,15.39,15.17
8/18/20,14.89,15.27,15.29
8/19/20,15.22,15.41,15.33
8/20/20,15.04,15.28,15.12
8/21/20,15.17,15.17,15.18
8/24/20,14.85,14.88,15.22
8/25/20,14.96,15.01,15.14
8/26/20,15.05,15.15,14.61
8/27/20,15.08,15.16,14.87
8/28/20,15.15,15.28,14.99
8/31/20,15.32,15.43,15
9/1/20,15.11,15.3,15.06
9/2/20,15.19,15.28,15.26
9/3/20,15.27,15.45,15.12
9/4/20,15.26,15.39,15.18
9/8/20,14.85,14.9,15.24
9/9/20,14.77,15.17,15.21
9/10/20,15.09,15.23,14.95
9/11/20,14.97,15.21,14.64
9/14/20,15.17,15.37,15.12
9/15/20,15.27,15.36,14.84
9/16/20,15.4,15.4,15.06
9/17/20,14.92,15.25,15.31
9/18/20,14.98,15.9,15.32
9/21/20,15.42,15.59,15.11
9/22/20,14.67,14.81,15.21
9/23/20,14.68,14.88,15.64
9/24/20,14.29,14.33,14.57
9/25/20,13.94,14.12,14.74
9/28/20,14.35,14.55,14.24
9/29/20,14.11,14.24,14.02
9/30/20,13.97,14.15,14.1
10/1/20,14.04,14.23,14.34
10/2/20,14.01,14.32,13.89
10/5/20,14.27,14.43,14.02
10/6/20,14.41,14.7,14.18
10/7/20,14.62,14.62,14.22
10/8/20,14.27,14.45,14.34
10/9/20,14.57,14.57,14.32
10/12/20,14.36,14.54,14.23
10/13/20,14.08,14.34,14.44
10/14/20,14.37,14.6,14.25
10/15/20,14.06,14.13,14.21
10/16/20,14.05,14.23,14.31
10/19/20,13.97,14.1,14.18
10/20/20,13.85,13.98,13.97
10/21/20,13.79,14.01,14.06
10/22/20,13.96,14.09,13.77
10/23/20,13.99,14.54,13.85
10/26/20,13.78,13.87,13.95
10/27/20,13.63,13.74,13.92
10/28/20,13.18,13.29,13.98
10/29/20,12.92,13.25,13.65
10/30/20,13.07,13.18,13.43
11/2/20,13.31,13.44,12.97
11/3/20,13.54,13.66,13.09
11/4/20,13.49,13.71,13.13
11/5/20,13.72,14.12,13.29
11/6/20,15.67,15.91,13.5
11/9/20,15.93,16.49,13.54
11/10/20,15.72,16.370001,14
11/11/20,16.299999,17.209999,15.16
11/12/20,17.08,17.18,15.67
11/13/20,16.469999,17.030001,16.27
11/16/20,17.790001,18.15,17.200001
11/17/20,17.27,17.84,16.389999
11/18/20,17.6,17.959999,16.98
11/19/20,17.52,17.700001,17.389999
11/20/20,17.530001,17.6,17.68
11/23/20,17.690001,18,17.549999
11/24/20,18.059999,18.27,17.549999
11/25/20,18.219999,18.27,17.52
11/27/20,17.99,18.01,17.9
11/30/20,17.700001,17.92,18.17
12/1/20,17.700001,18.209999,18
12/2/20,18,18.459999,17.709999
12/3/20,18.33,18.6,17.65
12/4/20,18.629999,18.700001,18.07
12/7/20,18.52,18.629999,18.389999
12/8/20,18.299999,18.5,18.57
12/9/20,18.43,18.469999,18.68
12/10/20,18.219999,18.549999,18.5
12/11/20,18.280001,18.4,18.379999
12/14/20,18.1,18.1,18.27
12/15/20,18,18.200001,18.35
12/16/20,18.09,18.139999,17.959999
12/17/20,17.879999,17.959999,17.75
12/18/20,17.469999,17.73,18.09
12/21/20,17.18,17.709999,17.77
12/22/20,17.549999,17.809999,17.709999
12/23/20,17.65,17.82,17.35
12/24/20,17.82,17.940001,17.65
12/28/20,17.93,18.309999,17.639999
12/29/20,18.129999,18.23,17.68
12/30/20,18.02,18.290001,17.82
12/31/20,17.98,18.1,18.18
1/4/21,18.040001,18.299999,18.02
1/5/21,18.040001,18.42,18.030001
1/6/21,18.42,19.43,17.969999
1/7/21,19.280001,19.309999,18.16
1/8/21,18.77,18.91,18.280001
1/11/21,18.370001,18.809999,19.25
1/12/21,18.610001,18.74,18.74
1/13/21,18.370001,18.6,18.629999
1/14/21,18.35,18.889999,18.66
1/15/21,18.629999,18.74,18.4
1/19/21,18.790001,18.85,18.280001
1/20/21,18.84,19.18,18.690001
1/21/21,19.07,19.450001,18.700001
1/22/21,19.120001,19.190001,18.75
1/25/21,18.42,18.860001,19.110001
1/26/21,18.940001,19.18,19.209999
1/27/21,19.42,20.049999,18.57
1/28/21,19.719999,19.809999,18.75
1/29/21,19.49,19.93,19.139999
2/1/21,19.33,19.5,19.58
2/2/21,19.52,20,19.51
2/3/21,19.620001,19.940001,19.4
2/4/21,19.93,20.889999,19.370001
2/5/21,21.99,22.25,19.790001
2/8/21,21.27,21.82,19.84
2/9/21,21.889999,22.379999,20.299999
2/10/21,22.299999,22.889999,21.219999
2/11/21,22.6,23.08,21.700001
2/12/21,23.860001,24.059999,22.18
2/16/21,23.610001,23.860001,22.620001
2/17/21,24.040001,24.219999,23.040001
2/18/21,23.16,23.25,23.719999
2/19/21,22.67,22.82,23.790001
2/22/21,22.48,23.610001,23.18
2/23/21,23.200001,23.610001,22.65
2/24/21,23.379999,24.15,22.5
2/25/21,23.780001,24.09,23.360001
2/26/21,23.24,23.76,23.43
3/1/21,23.799999,24.5,23.809999
3/2/21,24.34,24.379999,23.209999
3/3/21,23.639999,24.18,23.450001
3/4/21,23.74,24.02,24.360001
3/5/21,25.059999,25.059999,23.639999
3/8/21,25.02,25.02,23.790001
3/9/21,24.4,25.58,23.530001
3/10/21,25.059999,25.66,24.370001
3/11/21,25.48,25.85,24.24
3/12/21,25.860001,26.23,24.85
3/15/21,26.24,26.24,25.52
3/16/21,26.25,26.84,25.73
3/17/21,26.440001,26.469999,26.209999
3/18/21,26.49,27.450001,26.110001
3/19/21,27.059999,27.68,26.48
3/22/21,27.4,27.530001,26.35
3/23/21,26.639999,26.719999,27.15
3/24/21,26.219999,26.43,27.299999
3/25/21,25.33,26.32,26.709999
3/26/21,26.309999,26.42,26.110001
3/29/21,26.02,26.030001,25.450001
3/30/21,25.110001,25.83,26.209999
3/31/21,25.59,26.1,25.73
4/1/21,25.51,26.07,25.030001
4/5/21,26.139999,26.549999,25.690001
4/6/21,26.219999,26.799999,25.43
4/7/21,26.52,26.82,26.059999
4/8/21,26.17,26.790001,26.42
4/9/21,26.83,26.950001,26.559999
4/12/21,26.969999,26.969999,26.42
4/13/21,26.84,26.92,26.719999
4/14/21,26.190001,26.66,26.68
4/15/21,26.620001,26.860001,26.76
4/16/21,26.790001,26.91,26.139999
4/19/21,26.65,26.84,26.41
4/20/21,26.780001,27.059999,26.610001
4/21/21,26.26,27.34,26.700001
4/22/21,27.4,27.469999,26.74
4/23/21,27.129999,27.23,26.49
4/26/21,26.889999,26.959999,27.32
4/27/21,26.51,26.83,26.889999
4/28/21,26.530001,26.629999,26.73
4/29/21,26.41,26.629999,26.66
4/30/21,26.309999,26.41,26.549999
5/3/21,26.309999,26.540001,26.17
5/4/21,26.120001,26.16,26.52
5/5/21,25.77,26.35,26.200001
5/6/21,26.26,26.4,26.360001
5/7/21,26.610001,27.700001,25.51
5/10/21,27.299999,27.969999,26.120001
5/11/21,27.4,27.66,26
5/12/21,27.41,27.559999,27.440001
5/13/21,26.17,26.790001,27.440001
5/14/21,26.43,26.780001,27.639999
5/17/21,26.969999,27.469999,26.139999
5/18/21,26.889999,27.24,26.25
5/19/21,26.07,26.299999,26.700001
5/20/21,26.16,27.16,26.91
5/21/21,26.66,27.17,26.48
5/24/21,26.68,26.92,26.01
5/25/21,27.030001,27.139999,27.049999
5/26/21,26.790001,27.09,26.49
5/27/21,26.83,27.51,26.84
5/28/21,27.209999,27.280001,26.639999
6/1/21,26.59,26.91,26.780001
6/2/21,26.559999,26.559999,27.1
6/3/21,25.42,25.93,26.99
6/4/21,25.92,26.25,26.51
6/7/21,26.219999,26.27,25.91
6/8/21,25.83,26.549999,25.889999
6/9/21,26.360001,26.709999,26.219999
6/10/21,26.6,26.719999,25.85
6/11/21,26.59,26.860001,26.469999
6/14/21,26.83,26.870001,26.530001
6/15/21,26.4,26.51,26.459999
6/16/21,25.9,26.030001,26.84
6/17/21,25.92,26.01,26.309999
6/18/21,25.25,25.43,26
6/21/21,25.129999,25.84,25.93
6/22/21,25.709999,25.799999,25.5
6/23/21,25.52,25.709999,25.129999
6/24/21,25.49,25.709999,25.73
6/25/21,25.65,25.969999,25.52
6/28/21,25.73,26.07,25.450001
6/29/21,25.67,26.07,25.57
6/30/21,25.549999,25.9,25.73
7/1/21,25.9,26.25,25.620001
7/2/21,26.23,26.23,25.559999
7/6/21,25.83,25.83,25.77
7/7/21,25.530001,25.709999,26.139999
7/8/21,25.1,25.25,25.75
7/9/21,25.030001,25.67,25.540001
7/12/21,25.41,25.92,25.35
7/13/21,25.77,25.77,24.799999
7/14/21,25.35,25.559999,25.52
7/15/21,24.92,25.25,25.83
7/16/21,25.040001,25.15,25.23
7/19/21,23.889999,24.219999,25
7/20/21,23.9,24.389999,24.91
7/21/21,24.450001,24.860001,24.219999
7/22/21,24.58,24.610001,23.879999
7/23/21,24.41,24.780001,24.32
7/26/21,25.459999,25.459999,24.610001
7/27/21,24.66,24.870001,24.41
7/28/21,24.9,25,24.75
7/29/21,24.860001,24.950001,24.799999
7/30/21,24.51,24.790001,24.719999
8/2/21,24.709999,25.02,24.75
8/3/21,24.780001,24.809999,24.58
8/4/21,24.43,24.66,24.629999
8/5/21,24.559999,24.940001,24.74
8/6/21,26.049999,26.42,24.07
8/9/21,24.23,24.58,24.33
8/10/21,24.299999,24.450001,24.85
8/11/21,24.23,24.32,24.719999
8/12/21,24.07,24.129999,24.41
8/13/21,23.959999,24.059999,24.280001
8/16/21,23.33,23.67,24.18
8/17/21,23.08,23.49,23.969999
8/18/21,22.889999,23.02,23.52
8/19/21,22.01,22.25,23.6
8/20/21,21.82,22.18,22.99
8/23/21,22.190001,22.440001,22.18
8/24/21,22.360001,22.549999,21.870001
8/25/21,22.52,22.690001,22.1
8/26/21,22.51,22.700001,22.379999
8/27/21,22.450001,22.75,22.32
8/30/21,22.68,22.719999,22.58
8/31/21,22.530001,22.67,22.360001
9/1/21,22.639999,23.040001,22.74
9/2/21,22.82,23.09,22.370001
9/3/21,22.67,22.74,22.469999
9/7/21,22.6,22.67,22.82
9/8/21,22.18,22.290001,22.65
9/9/21,22.190001,22.41,22.559999
9/10/21,22.18,22.290001,22.200001
9/13/21,22.07,22.129999,22.08
9/14/21,21.889999,22.24,22.049999
9/15/21,21.92,22.049999,21.889999
9/16/21,21.93,22.65,21.879999
9/17/21,22.440001,22.59,22.01
9/20/21,22,22.07,21.950001
9/21/21,22.08,22.67,22.469999
9/22/21,22.59,23.25,22.35
9/23/21,23.629999,24.15,21.860001
9/24/21,23.75,24.5,22.209999
9/27/21,24.23,24.41,23.120001
9/28/21,24.1,24.34,24.01
9/29/21,23.950001,24.209999,24.370001
9/30/21,23.91,23.950001,24.190001
10/1/21,23.629999,23.879999,23.92
10/4/21,23.66,23.85,23.809999
10/5/21,23.74,24.02,23.530001
10/6/21,23.459999,23.809999,23.709999
10/7/21,23.84,24.200001,23.450001
10/8/21,24.15,24.51,23.780001
10/11/21,24.1,24.280001,23.629999
10/12/21,23.91,24.43,24.059999
10/13/21,23.889999,24.16,24.08
10/14/21,23.889999,24.110001,23.969999
10/15/21,24.129999,24.23,23.879999
10/18/21,23.74,23.870001,23.690001
10/19/21,23.6,23.83,24.059999
10/20/21,23.620001,23.82,23.9
10/21/21,23.91,23.99,23.549999
10/22/21,23.790001,24.200001,23.700001
10/25/21,24.17,24.41,23.799999
10/26/21,24.18,24.219999,23.82
10/27/21,23.780001,23.780001,24.07
10/28/21,23.07,23.370001,24.16
10/29/21,22.959999,23.18,23.85
11/1/21,22.99,23.530001,22.959999
11/2/21,23.51,23.629999,23.15
11/3/21,23.42,23.540001,22.9
11/4/21,23.32,23.5,23.52
11/5/21,25.870001,25.870001,23.52
11/8/21,24.450001,24.780001,23.34
11/9/21,24.030001,24.299999,23.469999
11/10/21,23.700001,23.879999,24.370001
11/11/21,23.620001,23.870001,24.049999
11/12/21,23.799999,23.9,23.73
11/15/21,23.73,24,23.5
11/16/21,23.49,23.709999,23.6
11/17/21,23.51,23.6,23.809999
11/18/21,23.459999,23.59,23.459999
11/19/21,23,23.110001,23.629999
11/22/21,22.33,22.719999,23.4
11/23/21,22.48,22.59,23.219999
11/24/21,22.02,22.07,22.129999
11/26/21,21.450001,21.65,22.440001
11/29/21,21.700001,21.98,22.15
11/30/21,21.610001,21.93,21.98
12/1/21,22.059999,22.15,21.450001
12/2/21,21.200001,21.790001,21.82
12/3/21,21.68,21.780001,21.620001
12/6/21,21.709999,22.040001,21.09
12/7/21,22.1,22.309999,21.700001
12/8/21,22,22.42,21.76
12/9/21,21.940001,22.209999,21.889999
12/10/21,21.91,22.530001,21.99
12/13/21,21.870001,21.92,22.17
12/14/21,21.4,21.48,21.77
12/15/21,21.059999,21.33,21.860001
12/16/21,21.4,21.73,21.450001
12/17/21,21.370001,21.43,21.01
12/20/21,20.969999,21.059999,21.25
12/21/21,20.98,21.719999,21.360001
12/22/21,21.67,21.959999,21.280001
12/23/21,21.84,22.440001,20.879999
12/27/21,22.15,22.709999,21.700001
12/28/21,22.549999,22.83,21.790001
12/29/21,22.66,22.809999,22.33
12/30/21,22.59,22.790001,22.58
12/31/21,22.42,22.610001,22.66
1/3/22,22.379999,22.959999,22.57
1/4/22,22.959999,23.1,22.5
1/5/22,22.700001,22.959999,22.309999
1/6/22,21.99,22.67,22.77
1/7/22,22.52,22.780001,22.59
1/10/22,22.440001,22.799999,21.83
1/11/22,22.32,22.459999,22.530001
1/12/22,22.52,22.74,22.5
1/13/22,22.66,23.200001,22.23
1/14/22,22.790001,22.93,22.450001
1/18/22,22.59,22.639999,22.610001
1/19/22,22.309999,22.370001,22.959999
1/20/22,21.73,22.450001,22.719999
1/21/22,21.57,21.860001,22.190001
1/24/22,21.25,22.030001,22.030001
1/25/22,21.719999,21.83,21.75
1/26/22,21.83,22.15,21.440001
1/27/22,21.469999,21.690001,22
1/28/22,20.98,21.780001,21.68
1/31/22,21.73,22.27,21.360001
2/1/22,22.219999,22.469999,21.08
2/2/22,21.809999,22.459999,21.76
2/3/22,22.23,22.73,22.24
2/4/22,23.1,23.73,22.26
2/7/22,22.58,22.950001,22.370001
2/8/22,22.540001,23.120001,22.450001
2/9/22,23.190001,23.530001,22.5
2/10/22,23.290001,23.67,22.450001
2/11/22,23.129999,23.34,22.85
2/14/22,22.690001,22.790001,23.459999
2/15/22,22.68,23.200001,23.190001
2/16/22,22.940001,23.700001,22.65
2/17/22,23.469999,23.57,22.280001
2/18/22,22.559999,22.75,23.139999
2/22/22,22.059999,22.190001,23.68
2/23/22,22.059999,22.17,22.76
2/24/22,20.83,21.620001,22.15
2/25/22,21.73,22.299999,21.879999
2/28/22,22.129999,22.459999,21.370001
3/1/22,22.200001,22.379999,21.57
3/2/22,21.719999,22.620001,22.280001
3/3/22,22.559999,22.620001,22.32
3/4/22,21.559999,21.559999,21.549999
3/7/22,21.15,21.200001,22.530001
3/8/22,20.209999,20.950001,21.77
3/9/22,20.85,21.41,21.219999
3/10/22,20.860001,21.09,20.280001
3/11/22,21.549999,21.75,20.33
3/14/22,21.049999,21.280001,21.129999
3/15/22,21.18,21.450001,20.98
3/16/22,21.41,21.83,20.959999
3/17/22,21.610001,22.469999,21.110001
3/18/22,22.32,22.41,21.1
3/21/22,22.27,22.51,21.629999
3/22/22,22.030001,22.43,22.42
3/23/22,22.040001,22.120001,22.139999
3/24/22,22.02,22.559999,22
3/25/22,22.620001,22.82,22.24
3/28/22,22.57,22.639999,21.92
3/29/22,22.809999,23.040001,22.549999
3/30/22,22.84,23.07,22.58
3/31/22,22.65,22.73,22.51
4/1/22,22.290001,22.42,22.959999
4/4/22,21.77,22.139999,22.77
4/5/22,21.99,22.129999,22.15
4/6/22,21.790001,21.879999,21.93
4/7/22,21.559999,21.67,22.110001
4/8/22,21.25,21.52,22
4/11/22,21.139999,21.49,21.67
4/12/22,21.219999,21.48,21.299999
4/13/22,20.959999,21.66,21.34
4/14/22,21.68,21.83,21.1
4/18/22,21.15,21.34,20.959999
4/19/22,21.23,21.790001,21.629999
4/20/22,21.82,22,21.17
4/21/22,22.059999,22.200001,21.18
4/22/22,21.23,21.32,21.73
4/25/22,20.76,20.91,21.870001
4/26/22,20.629999,20.700001,21.35
4/27/22,19.959999,20.35,20.860001
4/28/22,20.33,20.530001,20.879999
4/29/22,20.309999,20.549999,20.049999
5/2/22,19.93,20.309999,20.26
5/3/22,20.290001,20.42,20.42
5/4/22,20.209999,20.9,19.860001
5/5/22,20.75,20.799999,20.219999
5/6/22,19.129999,19.219999,20.209999
5/9/22,16.91,17.639999,20.85
5/10/22,17.6,18,19.73
5/11/22,17.43,17.959999,17.110001
5/12/22,16.690001,17.389999,17.5
5/13/22,17.5,17.959999,17.57
5/16/22,17.83,17.9,16.9
5/17/22,18.01,18.379999,17.379999
5/18/22,18.02,18.4,17.84
5/19/22,17.35,17.709999,17.629999
5/20/22,17.67,17.889999,18.26
5/23/22,17.860001,17.9,17.48
5/24/22,17.209999,17.209999,17.5
5/25/22,16.5,17,17.610001
5/26/22,16.950001,17.280001,17.42
5/27/22,17.34,17.68,16.549999
5/31/22,17.41,17.540001,16.85
6/1/22,17.48,17.629999,17.23
6/2/22,17.26,17.790001,17.68
6/3/22,17.450001,17.51,17.4
6/6/22,17.389999,17.440001,17.209999
6/7/22,17.049999,17.610001,17.709999
6/8/22,17.379999,17.610001,17.200001
6/9/22,17.219999,17.26,17.379999
6/10/22,16.52,16.66,17.57
6/13/22,16.09,16.200001,17.209999
6/14/22,15.7,15.79,16.860001
6/15/22,15.77,15.84,16.57
6/16/22,15.19,15.46,15.67
6/17/22,15.5,15.8,15.55
6/21/22,15.73,15.86,15.54
6/22/22,15.09,15.26,15.42
6/23/22,15.13,15.27,15.5
6/24/22,15.38,15.9,15.22
6/27/22,15.87,15.95,15.1
6/28/22,15.83,16.120001,15.24
6/29/22,15.33,15.5,15.78
6/30/22,15.16,15.74,15.74
7/1/22,15.55,15.81,15.49
7/5/22,15.43,15.65,15.32
7/6/22,15.74,15.87,15.58
7/7/22,15.71,15.89,15.75
7/8/22,15.79,15.94,15.63
7/11/22,15.51,15.6,15.58
7/12/22,15.39,15.84,15.84
7/13/22,15.38,15.59,15.75
7/14/22,15.18,15.35,15.4
7/15/22,15.5,15.74,15.65
7/18/22,15.79,15.96,15.49
7/19/22,15.97,16.370001,15.24
7/20/22,16.290001,16.82,15.73
7/21/22,16.59,16.84,15.71
7/22/22,16.780001,16.950001,16.309999
7/25/22,16.9,17.16,16.620001
7/26/22,16.73,16.91,16.83
7/27/22,16.74,17.110001,16.879999
7/28/22,16.879999,17.16,16.9
7/29/22,17.030001,17.299999,16.700001
8/1/22,17.02,17.299999,17.049999
8/2/22,17.049999,17.17,17.1
8/3/22,17.059999,17.549999,17.139999
8/4/22,17.41,17.559999,17.129999
8/5/22,17.07,17.129999,17
8/8/22,17.08,17.639999,17.51
8/9/22,18.860001,20.58,17.379999
8/10/22,18.41,18.540001,17.01
8/11/22,18.450001,18.780001,17.370001
8/12/22,18.719999,18.889999,18.27
8/15/22,18.83,18.91,18.450001
8/16/22,18.34,18.809999,18.67
8/17/22,18.450001,18.48,18.83
8/18/22,18.25,18.35,18.49
8/19/22,18.15,18.200001,18.59
8/22/22,17.620001,17.790001,18.33
8/23/22,17.450001,17.639999,18.280001
8/24/22,17.4,17.559999,17.9
8/25/22,17.5,17.76,17.450001
8/26/22,17.77,17.940001,17.309999
8/29/22,17.299999,17.41,17.48
8/30/22,17.32,17.34,17.73
8/31/22,17.17,17.33,17.35
9/1/22,16.780001,16.92,17.290001
9/2/22,17.030001,17.32,17.1
9/6/22,17.040001,17.07,16.92
9/7/22,16.450001,16.870001,16.92
9/8/22,16.629999,16.93,16.959999
9/9/22,16.870001,17.5,16.450001
9/12/22,17.58,17.84,16.82
9/13/22,17.110001,17.41,16.799999
9/14/22,16.879999,16.92,17.469999
9/15/22,16.860001,17.41,17.610001
9/16/22,17.07,17.07,16.83
9/19/22,16.35,16.68,16.860001
9/20/22,16.4,16.68,17.139999
9/21/22,16.6,16.66,16.530001
9/22/22,15.94,16.040001,16.540001
9/23/22,15.6,15.69,16.459999
9/26/22,15.21,15.45,16.01
9/27/22,15.09,15.36,15.69
9/28/22,15,15.48,15.33
9/29/22,15.08,15.24,15.04
9/30/22,15.13,15.42,14.95
10/3/22,15.35,15.68,15.38
10/4/22,15.82,16.4,15.05
10/5/22,16.049999,16.26,15.11
10/6/22,16.35,16.35,15.63
10/7/22,15.75,15.82,16.379999
10/10/22,15.66,15.74,16.139999
10/11/22,15.35,15.75,15.88
10/12/22,15.46,15.6,15.55
10/13/22,15.24,15.99,15.51
10/14/22,16.030001,16.190001,15.46
10/17/22,16.25,16.83,15.52
10/18/22,16.450001,16.74,15.94
10/19/22,16.41,16.76,15.6
10/20/22,16.549999,16.9,16.129999
10/21/22,16.66,17.219999,16.25
10/24/22,17.360001,17.360001,16.59
10/25/22,16.99,17.24,16.690001
10/26/22,17.17,17.360001,17.200001
10/27/22,17.120001,17.219999,16.92
10/28/22,16.780001,16.98,17.17
10/31/22,16.91,16.959999,17
11/1/22,17.059999,17.43,16.74
11/2/22,16.84,16.98,16.91
11/3/22,16.219999,16.629999,16.870001
11/4/22,16.690001,16.700001,16.99
11/7/22,16.780001,16.9,16.469999
11/8/22,16.790001,17.299999,16.459999
11/9/22,15.05,16.450001,16.68
11/10/22,16.75,17.4,16.719999
11/11/22,17.530001,18.07,17.09
11/14/22,17.959999,18.450001,16.16
11/15/22,18.23,18.48,17.299999
11/16/22,18.08,18.120001,18.059999
11/17/22,17.610001,18.049999,18.18
11/18/22,18.200001,18.209999,18.15
11/21/22,17.610001,17.780001,17.91
11/22/22,17.530001,17.85,17.940001
11/23/22,17.889999,18.389999,17.83
11/25/22,18.17,18.48,17.48
11/28/22,18.110001,18.610001,17.83
11/29/22,18.209999,18.620001,18.23
11/30/22,18.5,19.25,18.299999
12/1/22,19.09,19.360001,18.190001
12/2/22,18.98,19.17,18.559999
12/5/22,19.02,19.07,19.15
12/6/22,18.74,18.809999,19.16
12/7/22,18.450001,18.48,19.120001
12/8/22,18.290001,18.43,18.719999
12/9/22,18.15,18.209999,18.48
12/12/22,18.01,18.200001,18.200001
12/13/22,18.74,18.950001,18.15
12/14/22,18.57,18.879999,18.049999
12/15/22,18.370001,18.57,18.190001
12/16/22,17.700001,17.91,18.700001
12/19/22,17.780001,17.83,18.68
12/20/22,17.450001,17.559999,17.780001
12/21/22,17.65,17.860001,17.83
12/22/22,17.549999,17.84,17.43
12/23/22,18.18,18.540001,17.51
12/27/22,18.309999,18.459999,17.73
12/28/22,18.25,18.389999,17.809999
12/29/22,18.030001,18.360001,18.309999
12/30/22,18.030001,18.209999,18.280001
1/3/23,18.370001,18.549999,17.950001
1/4/23,18.530001,19.01,18.219999
1/5/23,18.889999,18.92,18.200001
1/6/23,18.91,19.07,18.299999
1/9/23,19.1,19.35,18.98
1/10/23,19.040001,19.4,18.68
1/11/23,19.389999,19.450001,19
1/12/23,19.34,19.450001,19.07
1/13/23,19.139999,19.469999,19.389999
1/17/23,19.43,19.51,19.309999
1/18/23,19.34,19.4,19.35
1/19/23,18.73,18.799999,19.459999
1/20/23,18.77,19.299999,19.27
1/23/23,19.299999,19.57,18.870001
1/24/23,19.48,19.559999,18.709999
1/25/23,20.51,21.280001,19.26
1/26/23,20.629999,20.82,19.549999
1/27/23,20.700001,20.780001,19.530001
1/30/23,20.290001,20.42,20.639999
1/31/23,20.16,20.290001,20.719999
2/1/23,20.26,20.75,20.52
2/2/23,20.940001,21.690001,20.17
2/3/23,21.209999,21.41,20.26
2/6/23,20.959999,21.040001,20.719999
2/7/23,20.690001,21.01,21.469999
2/8/23,20.790001,21.18,21.17
2/9/23,21.09,21.09,20.77
2/10/23,19.65,19.74,20.91
2/13/23,18.629999,18.98,20.879999
2/14/23,18.780001,18.91,20.59
2/15/23,18.74,19.16,18.66
2/16/23,18.870001,19.059999,18.870001
2/17/23,18.68,19.01,18.82
2/21/23,18.75,18.879999,19.139999
2/22/23,17.799999,17.879999,18.700001
2/23/23,17.629999,17.719999,19
2/24/23,17.15,17.450001,18.26
2/27/23,17.549999,17.549999,17.68
2/28/23,17.24,17.33,17.5
3/1/23,17.01,17.09,17.440001
3/2/23,16.82,17.280001,17.27
3/3/23,17.33,17.360001,17.15
3/6/23,17.309999,17.43,16.92
3/7/23,17.02,17.129999,17.26
3/8/23,16.9,16.99,17.26
3/9/23,16.77,16.84,17.030001
3/10/23,16.219999,16.23,16.860001
3/13/23,15.92,15.92,16.77
3/14/23,15.88,15.96,16.290001
3/15/23,15.64,15.93,16.01
3/16/23,15.8,16.290001,15.6
3/17/23,16.17,16.200001,15.91
3/20/23,15.92,16.110001,15.92
3/21/23,16.280001,16.370001,16.24
3/22/23,16.17,16.26,15.91
3/23/23,15.9,16.290001,16.07
3/24/23,16.09,16.25,16.209999
3/27/23,16.4,16.57,15.83
3/28/23,16.450001,16.620001,16.18
3/29/23,16.780001,16.969999,16.219999
3/30/23,16.969999,17.17,16.49
3/31/23,17.040001,17.290001,16.6
4/3/23,17.17,17.48,16.93
4/4/23,17.5,17.66,16.969999
4/5/23,17.26,17.35,17.27
4/6/23,17.27,17.370001,17.42
4/10/23,17.129999,17.42,17.32
4/11/23,17.41,17.66,17.32
4/12/23,17.780001,17.83,17.27
4/13/23,17.280001,17.67,17.4
4/14/23,17.559999,17.719999,17.6
4/17/23,17.360001,17.450001,17.299999
4/18/23,17.4,17.469999,17.620001
4/19/23,17.16,17.5,17.4
4/20/23,17.33,17.49,17.32
4/21/23,17.32,17.389999,17.27
4/24/23,17.290001,17.379999,17.4
4/25/23,17.07,17.110001,17.27
4/26/23,16.9,17.040001,17.280001
4/27/23,16.76,17.17,17.25
4/28/23,17.16,17.610001,16.9
5/1/23,17.52,17.66,16.65
5/2/23,17.309999,17.309999,17.15
5/3/23,17.049999,17.27,17.610001
5/4/23,16.799999,17,17.370001
5/5/23,16.93,17.18,16.98
5/8/23,17.15,17.23,17.030001
5/9/23,17.1,17.1,16.719999
5/10/23,17.15,17.25,17.120001
5/11/23,16.610001,16.790001,17.139999
5/12/23,18.24,18.629999,16.93
5/15/23,18.309999,18.83,16.66
5/16/23,18.67,18.67,16.74
5/17/23,18.52,18.74,18.16
5/18/23,18.719999,18.809999,18.77
5/19/23,18.84,18.84,18.370001
5/22/23,18.639999,18.75,18.719999
5/23/23,18.42,18.610001,18.77
5/24/23,18.24,18.34,18.58
5/25/23,18.219999,18.43,18.530001
5/26/23,18.32,18.57,18.370001
5/30/23,18.690001,18.82,18.219999
5/31/23,18.700001,18.709999,18.23
6/1/23,18.42,18.700001,18.540001
6/2/23,18.82,18.969999,18.780001
6/5/23,18.76,18.870001,18.309999
6/6/23,18.65,18.98,18.690001
6/7/23,18.99,19.459999,18.799999
6/8/23,19.379999,19.42,18.629999
6/9/23,19.23,19.26,18.950001
6/12/23,19.200001,19.280001,19.43
6/13/23,19.049999,19.52,19.200001
6/14/23,19.459999,19.700001,19.209999
6/15/23,19.25,19.58,19
6/16/23,19.66,19.690001,19.41
6/20/23,19.4,19.51,19.26
6/21/23,19.07,19.299999,19.51
6/22/23,19.23,19.27,19.57
6/23/23,18.639999,18.9,19.09
6/26/23,18.82,19,19.27
6/27/23,18.950001,19.379999,18.84
6/28/23,19.200001,19.57,18.76
6/29/23,19.530001,19.68,18.940001
6/30/23,19.719999,19.73,19.23
7/3/23,19.42,19.610001,19.530001
7/5/23,19.4,19.530001,19.530001
7/6/23,19.299999,19.52,19.5
7/7/23,19.440001,19.870001,19.549999
7/10/23,19.6,19.809999,19.5
7/11/23,19.68,19.93,19.49
7/12/23,20.16,20.41,19.709999
7/13/23,20.280001,20.360001,19.57
7/14/23,20.34,20.379999,19.92
7/17/23,20.18,20.469999,20.16
7/18/23,20.360001,20.700001,20.33
7/19/23,20.549999,20.57,20.209999
7/20/23,20.120001,20.200001,20.4
7/21/23,19.959999,19.969999,20.59
7/24/23,19.65,19.790001,20.15
7/25/23,19.299999,19.41,19.879999
7/26/23,19.27,19.469999,19.65
7/27/23,19.450001,19.549999,19.34
7/28/23,19.559999,19.559999,19.290001
7/31/23,19.379999,19.879999,19.200001
8/1/23,19.68,19.950001,19.27
8/2/23,19.700001,19.73,19.379999
8/3/23,19.49,19.82,19.82
8/4/23,19.700001,20.27,19.809999
8/7/23,20.030001,20.360001,19.66
8/8/23,20.08,20.389999,19.709999
8/9/23,20.440001,20.59,19.879999
8/10/23,20.469999,20.610001,20.209999
8/11/23,20.639999,21.290001,20.379999
8/14/23,21.23,21.65,20.34
8/15/23,21.34,21.389999,20.309999
8/16/23,20.969999,21.530001,21.24
8/17/23,21.15,21.219999,21.620001
8/18/23,20.68,20.85,20.91
8/21/23,20.780001,20.879999,21.110001
8/22/23,20.57,20.870001,20.780001
8/23/23,20.690001,20.959999,20.76
8/24/23,20.790001,21.059999,20.59
8/25/23,20.6,20.889999,20.66
8/28/23,20.790001,21.07,20.870001
8/29/23,20.9,21.27,20.639999
8/30/23,21.200001,21.4,20.74
8/31/23,21.309999,21.639999,20.889999
9/1/23,21.49,21.540001,21.219999
9/5/23,21.049999,21.23,21.33
9/6/23,21.17,21.32,21.49
9/7/23,21.219999,21.280001,21.280001
9/8/23,21.09,21.25,21.190001
9/11/23,21.110001,21.290001,21.209999
9/12/23,20.84,21.059999,21
9/13/23,20.93,20.940001,21.059999
9/14/23,20.450001,20.559999,21.040001
9/15/23,20.43,20.58,20.82
9/18/23,20.299999,20.35,20.290001
9/19/23,19.91,20.02,20.51
9/20/23,20,20.059999,20.280001
9/21/23,19.629999,20.299999,19.92
9/22/23,19.950001,20.040001,19.950001
9/25/23,19.59,19.82,19.67
9/26/23,19.6,19.790001,19.92
9/27/23,19.75,19.809999,19.68
9/28/23,19.620001,20.07,19.790001
9/29/23,20.059999,20.23,19.59
10/2/23,20.040001,20.17,19.65
10/3/23,19.889999,20.1,19.98
10/4/23,19.459999,19.84,20.059999
10/5/23,19.77,19.91,20
10/6/23,19.68,20.360001,19.43
10/9/23,20.129999,20.309999,19.82
10/10/23,20.24,20.66,19.700001
10/11/23,20.709999,21.08,20.16
10/12/23,20.93,21.07,20.23
10/13/23,20.860001,21.5,20.639999
10/16/23,21.190001,21.940001,20.9
10/17/23,21.93,22.26,20.809999
10/18/23,22.15,22.32,20.91
10/19/23,21.92,21.959999,21.889999
10/20/23,21.67,21.709999,22.23
10/23/23,21.16,21.43,21.889999
10/24/23,21.200001,21.610001,21.620001
10/25/23,21.35,21.4,21.209999
10/26/23,20.540001,20.700001,21.1
10/27/23,20.5,21.190001,21.459999
10/30/23,20.58,20.639999,20.549999
10/31/23,20.620001,20.870001,20.5
11/1/23,20.73,20.799999,20.219999
11/2/23,20.92,21.48,20.620001
11/3/23,21.469999,21.940001,20.68
11/6/23,21.82,21.99,20.780001
11/7/23,21.629999,21.709999,21.25
11/8/23,21.389999,21.709999,21.93
11/9/23,21.469999,21.59,21.66
11/10/23,20.790001,21.450001,21.43
11/13/23,20.799999,20.82,21.41
11/14/23,20.84,21.110001,21.290001
11/15/23,20.969999,21.299999,20.92
11/16/23,20.950001,21.16,20.450001
11/17/23,21.18,21.209999,20.959999
11/20/23,21.040001,21.360001,20.879999
11/21/23,21.25,21.459999,21.07
11/22/23,21.6,21.969999,21.030001
11/24/23,22.01,22.08,21.280001
11/27/23,21.969999,22.43,21.450001
11/28/23,22.389999,22.549999,21.950001
11/29/23,22.33,22.469999,22.01
11/30/23,22.290001,22.33,22.389999
12/1/23,22.1,22.280001,22.33
12/4/23,22.059999,22.5,22.34
12/5/23,21.93,21.93,22.040001
12/6/23,21.879999,22,22.15
12/7/23,21.92,21.99,22.059999
12/8/23,21.92,22.09,21.77
12/11/23,22.02,22.18,21.790001
12/12/23,22.139999,22.200001,21.950001
12/13/23,21.98,22.709999,21.940001
12/14/23,22.969999,23.459999,22.07
12/15/23,23.309999,23.48,22
12/18/23,23.4,23.469999,22.68
12/19/23,23.49,23.799999,23.299999
12/20/23,23.75,23.91,23.4
12/21/23,23.58,23.74,23.35
12/22/23,23.82,23.9,23.74
12/26/23,23.790001,24.17,23.42
12/27/23,24.139999,24.59,23.700001
12/28/23,24.540001,24.77,23.799999
12/29/23,24.51,24.809999,24.129999
1/2/24,24.370001,24.450001,24.42
1/3/24,24.24,24.52,24.629999
1/4/24,24.360001,24.43,24.549999
1/5/24,24.26,24.66,24.42
1/8/24,24.370001,24.67,24.299999
1/9/24,24.389999,24.57,24.24
1/10/24,24.17,24.4,24.43
1/11/24,24.200001,24.27,24.639999
1/12/24,24.4,24.549999,24.25